DROP DATABASE IF EXISTS company;
CREATE DATABASE company;

-- 1. Departments (small lookup table)
CREATE TABLE departments (
    dept_id     INT PRIMARY KEY,
    dept_name   VARCHAR(50) NOT NULL,
    location    VARCHAR(50),
    manager_id  INT NULL          -- self-reference to employees
);

-- Adding Values into department table
INSERT INTO departments 
        (dept_id, dept_name, location, manager_id) 
VALUES  
        (1, 'HR', 'New York', 1),
		    (2, 'Engineering', 'San Francisco', 2),
	    	(3, 'Sales', 'Chicago', 3),
		    (4, 'Marketing', 'Los Angeles', 4),
	    	(5, 'Finance', 'Boston', 5),
	    	(6, 'IT Support', 'Austin', NULL),
		    (7, 'Operations', 'Seattle', NULL),
		    (8, 'Product', 'Denver', NULL);

-- 2. Employees 
CREATE TABLE employees (
	  emp_id          INT PRIMARY KEY,
    first_name      VARCHAR(50) NOT NULL,
    last_name       VARCHAR(50) NOT NULL,
    email           VARCHAR(100) UNIQUE,
    hire_date       DATE NOT NULL,
    job_title       VARCHAR(60),
    dept_id         INT,
    manager_id      INT,           -- self-reference for hierarchy
    salary          DECIMAL(10,2), -- current salary (for simple queries)
    performance_score DECIMAL(3,1), -- 1.0 to 5.0
    is_active       BOOLEAN DEFAULT TRUE,
    FOREIGN KEY (dept_id)    REFERENCES departments(dept_id),
    FOREIGN KEY (manager_id) REFERENCES employees(emp_id)
);

-- Inserting values into 'employees' table
INSERT INTO employees 
      (emp_id, first_name, last_name, email, hire_date, job_title, dept_id, manager_id, salary, performance_score, is_active)
VALUES
      (1, 'Admin', 'Head', 'admin@company.com', '2015-01-01', 'CEO', 1, NULL, 150000, 5.0, TRUE),
      (2,'Sarah','Mitchell','sarah.mitchell@company.com','2019-07-10','Engineering Manager',2,NULL,120000,4.7,TRUE),
      (3,'David','Clark','david.clark@company.com','2020-01-20','Sales Manager',3,NULL,95000,4.2,TRUE),
      (4,'Emily','Turner','emily.turner@company.com','2017-11-05','Marketing Manager',4,NULL,90000,4.1,TRUE),
      (5,'Michael','Scott','michael.scott@company.com','2016-05-18','Finance Manager',5,NULL,110000,4.8,TRUE),
      (6,'Daniel','White','daniel.white@company.com','2021-02-10','HR Executive',1,NULL,52000,3.8,TRUE),
      (7,'Sophia','Hall','sophia.hall@company.com','2022-04-12','Recruiter',1,NULL,48000,3.6,TRUE),
      (8,'James','Allen','james.allen@company.com','2020-09-23','Software Engineer',2,NULL,98000,4.4,TRUE),
      (9,'Olivia','Young','olivia.young@company.com','2019-12-14','Senior Engineer',2,NULL,115000,4.6,TRUE),
      (10,'Ethan','King','ethan.king@company.com','2023-01-02','Junior Engineer',2,NULL,65000,3.9,TRUE),
      (11,'Ava','Wright','ava.wright@company.com','2021-08-19','Sales Executive',3,NULL,60000,3.7,TRUE),
      (12,'William','Lopez','william.lopez@company.com','2022-03-21','Sales Associate',3,NULL,55000,3.5,TRUE),
      (13,'Mia','Hill','mia.hill@company.com','2020-06-11','Marketing Executive',4,NULL,62000,4.0,TRUE),
      (14,'Benjamin','Green','benjamin.green@company.com','2018-10-30','Marketing Analyst',4,NULL,70000,4.3,TRUE),
      (15,'Charlotte','Adams','charlotte.adams@company.com','2021-12-01','Accountant',5,NULL,68000,4.1,TRUE),
      (16,'Lucas','Baker','lucas.baker@company.com','2019-09-15','Financial Analyst',5,NULL,75000,4.2,TRUE),
      (17,'Amelia','Nelson','amelia.nelson@company.com','2022-07-07','IT Support Engineer',6,NULL,58000,3.9,TRUE),
      (18,'Henry','Carter','henry.carter@company.com','2020-02-14','System Administrator',6,NULL,82000,4.4,TRUE),
      (19,'Harper','Mitchell','harper.mitchell@company.com','2023-05-18','Operations Executive',7,NULL,54000,3.6,TRUE),
      (20,'Alexander','Perez','alexander.perez@company.com','2018-08-25','Operations Manager',7,NULL,92000,4.5,TRUE),
      (21,'Evelyn','Roberts','evelyn.roberts@company.com','2017-04-11','Product Manager',8,NULL,105000,4.6,TRUE),
      (22,'Sebastian','Campbell','sebastian.campbell@company.com','2021-01-19','Product Analyst',8,NULL,73000,4.1,TRUE),
      (23,'Abigail','Phillips','abigail.phillips@company.com','2020-03-29','HR Analyst',1,NULL,58000,3.8,TRUE),
      (24,'Matthew','Parker','matthew.parker@company.com','2019-06-16','Backend Engineer',2,NULL,102000,4.3,TRUE),
      (25,'Ella','Evans','ella.evans@company.com','2022-09-09','Frontend Engineer',2,NULL,88000,4.0,TRUE),
      (26,'Logan','Edwards','logan.edwards@company.com','2023-02-15','QA Engineer',2,NULL,72000,3.7,TRUE),
      (27,'Grace','Collins','grace.collins@company.com','2018-12-01','Sales Lead',3,NULL,85000,4.2,TRUE),
      (28,'Jackson','Stewart','jackson.stewart@company.com','2020-07-13','Sales Executive',3,NULL,61000,3.6,TRUE),
      (29,'Chloe','Sanchez','chloe.sanchez@company.com','2019-11-28','Digital Marketer',4,NULL,64000,3.9,TRUE),
      (30,'Liam','Morris','liam.morris@company.com','2021-10-10','Marketing Strategist',4,NULL,78000,4.2,TRUE),
      (31,'Zoe','Rogers','zoe.rogers@company.com','2020-05-05','Accountant',5,NULL,70000,4.0,TRUE),
      (32,'Noah','Reed','noah.reed@company.com','2022-01-14','Finance Executive',5,NULL,60000,3.5,TRUE),
      (33,'Victoria','Cook','victoria.cook@company.com','2019-04-22','IT Technician',6,NULL,56000,3.8,TRUE),
      (34,'Elijah','Morgan','elijah.morgan@company.com','2018-09-18','Network Engineer',6,NULL,83000,4.4,TRUE),
      (35,'Hannah','Bell','hannah.bell@company.com','2023-03-01','Operations Analyst',7,NULL,62000,3.9,TRUE),
      (36,'Owen','Murphy','owen.murphy@company.com','2017-02-17','Operations Executive',7,NULL,67000,4.1,TRUE),
      (37,'Lily','Bailey','lily.bailey@company.com','2021-06-30','Product Designer',8,NULL,88000,4.3,TRUE),
      (38,'Gabriel','Rivera','gabriel.rivera@company.com','2022-11-11','Product Analyst',8,NULL,76000,4.0,TRUE),
      (39,'Scarlett','Cooper','scarlett.cooper@company.com','2019-01-25','HR Coordinator',1,NULL,50000,3.4,TRUE),
      (40,'Anthony','Richardson','anthony.richardson@company.com','2020-12-12','Senior Engineer',2,NULL,118000,4.6,TRUE),
      (41,'Aria','Cox','aria.cox@company.com','2023-04-18','Junior Engineer',2,NULL,63000,3.7,TRUE),
      (42,'Isaac','Howard','isaac.howard@company.com','2018-07-09','Sales Executive',3,NULL,59000,3.6,TRUE),
      (43,'Natalie','Ward','natalie.ward@company.com','2021-09-14','Marketing Executive',4,NULL,65000,3.9,TRUE),
      (44,'Christopher','Torres','christopher.torres@company.com','2017-10-05','Finance Manager',5,NULL,108000,4.7,TRUE),
      (45,'Leah','Peterson','leah.peterson@company.com','2022-05-20','Accountant',5,NULL,69000,4.0,TRUE),
      (46,'Andrew','Gray','andrew.gray@company.com','2020-06-18','System Engineer',6,NULL,84000,4.3,TRUE),
      (47,'Avery','Ramirez','avery.ramirez@company.com','2019-08-29','Operations Manager',7,NULL,93000,4.5,TRUE),
      (48,'Joseph','James','joseph.james@company.com','2018-03-07','Product Manager',8,NULL,112000,4.8,TRUE),
      (49,'Brooklyn','Watson','brooklyn.watson@company.com','2023-01-30','HR Executive',1,NULL,51000,3.6,TRUE),
      (50,'Samuel','Brooks','samuel.brooks@company.com','2022-02-16','Software Engineer',2,NULL,94000,4.2,TRUE),
      (51,'Madison','Kelly','madison.kelly@company.com','2020-08-08','Sales Associate',3,NULL,56000,3.5,TRUE),
      (52,'Dylan','Sanders','dylan.sanders@company.com','2019-09-19','Marketing Analyst',4,NULL,72000,4.1,TRUE),
      (53,'Penelope','Price','penelope.price@company.com','2021-11-11','Financial Analyst',5,NULL,77000,4.2,TRUE),
      (54,'Carter','Bennett','carter.bennett@company.com','2018-12-12','IT Support Engineer',6,NULL,60000,3.8,TRUE),
      (55,'Riley','Wood','riley.wood@company.com','2017-05-23','Operations Executive',7,NULL,64000,4.0,TRUE),
      (56,'Julian','Barnes','julian.barnes@company.com','2020-03-03','Product Analyst',8,NULL,75000,4.1,TRUE),
      (57,'Layla','Ross','layla.ross@company.com','2022-07-21','Recruiter',1,NULL,47000,3.5,FALSE),
      (58,'Aaron','Henderson','aaron.henderson@company.com','2019-10-17','Backend Engineer',2,NULL,99000,4.4,TRUE),
      (59,'Nora','Coleman','nora.coleman@company.com','2021-04-04','Sales Lead',3,NULL,87000,4.3,TRUE),
      (60,'Connor','Jenkins','connor.jenkins@company.com','2023-06-06','QA Engineer',2,NULL,71000,3.8,TRUE),
      (61,'John','Anderson','john.anderson@company.com','2018-03-15','HR Manager',1,NULL,85000,4.5,TRUE),
      (62,'Sarah','Brown','sarah.brown@company.com','2021-07-10','Marketing Executive',4,NULL,64000,3.9,TRUE),
      (63,'David','Lee','david.lee@company.com','2020-01-20','Finance Executive',5,NULL,72000,4.0,TRUE),
      (64,'Emily','Davis','emily.davis@company.com','2019-11-05','HR Executive',1,NULL,53000,3.7,TRUE),
      (65,'Michael','Brown','michael.brown@company.com','2018-05-18','Operations Manager',7,NULL,97000,4.5,TRUE),
      (66,'John','Anderson','john.anderson2@company.com','2023-02-10','QA Engineer',2,NULL,70000,3.8,TRUE),
      (67,'Olivia','Young','olivia.young2@company.com','2022-04-12','Product Analyst',8,NULL,76000,4.2,TRUE),
      (68,'James','Allen','james.allen2@company.com','2021-09-23','Senior Engineer',2,NULL,112000,4.6,TRUE),
      (69,'Sophia','Hall','sophia.hall2@company.com','2020-12-14','HR Analyst',1,NULL,58000,3.8,TRUE),
      (70,'Daniel','White','daniel.white2@company.com','2019-01-02','IT Technician',6,NULL,61000,3.9,TRUE),
      (71,'Emma','Thomas','emma.thomas@company.com','2021-08-19','Sales Executive',3,NULL,62000,3.7,TRUE),
      (72,'Liam','Harris','liam.harris@company.com','2020-03-21','Backend Engineer',2,NULL,101000,4.4,TRUE),
      (73,'Noah','Martin','noah.martin@company.com','2019-06-11','Marketing Analyst',4,NULL,71000,4.1,TRUE),
      (74,'Ava','Thompson','ava.thompson@company.com','2018-10-30','Financial Analyst',5,NULL,79000,4.3,TRUE),
      (75,'William','Garcia','william.garcia@company.com','2022-12-01','Operations Executive',7,NULL,65000,3.9,TRUE),
      (76,'Mia','Martinez','mia.martinez@company.com','2021-09-15','Recruiter',1,NULL,49000,3.6,TRUE),
      (77,'Ethan','Robinson','ethan.robinson@company.com','2020-02-14','System Administrator',6,NULL,85000,4.4,TRUE),
      (78,'Charlotte','Clark','charlotte.clark@company.com','2019-08-25','Product Designer',8,NULL,88000,4.2,TRUE),
      (79,'Benjamin','Rodriguez','benjamin.rodriguez@company.com','2017-04-11','Sales Lead',3,NULL,89000,4.5,TRUE),
      (80,'Lucas','Lewis','lucas.lewis@company.com','2023-01-19','Junior Engineer',2,NULL,67000,3.7,TRUE),
      (81,'Amelia','Lee','amelia.lee@company.com','2020-03-29','Accountant',5,NULL,70000,4.0,TRUE),
      (82,'Henry','Walker','henry.walker@company.com','2021-01-25','IT Support Engineer',6,NULL,60000,3.8,TRUE),
      (83,'Harper','Hall','harper.hall@company.com','2022-05-10','HR Coordinator',1,NULL,52000,3.5,TRUE),
      (84,'Alexander','Allen','alexander.allen@company.com','2018-07-09','Engineering Manager',2,NULL,125000,4.8,TRUE),
      (85,'Evelyn','Young','evelyn.young@company.com','2019-12-05','Marketing Strategist',4,NULL,82000,4.2,TRUE),
      (86,'Sebastian','King','sebastian.king@company.com','2020-10-14','Finance Executive',5,NULL,73000,4.1,TRUE),
      (87,'Abigail','Wright','abigail.wright@company.com','2021-09-14','Sales Associate',3,NULL,56000,3.6,TRUE),
      (88,'Matthew','Scott','matthew.scott@company.com','2017-10-05','Operations Analyst',7,NULL,68000,4.0,TRUE),
      (89,'Ella','Adams','ella.adams@company.com','2022-05-20','Product Analyst',8,NULL,75000,4.1,TRUE),
      (90,'Logan','Nelson','logan.nelson@company.com','2019-06-18','Software Engineer',2,NULL,96000,4.3,TRUE),
      (91,'Grace','Baker','grace.baker@company.com','2020-03-03','Marketing Executive',4,NULL,66000,3.9,TRUE),
      (92,'Jackson','Perez','jackson.perez@company.com','2018-11-11','Sales Executive',3,NULL,60000,3.7,TRUE),
      (93,'Chloe','Roberts','chloe.roberts@company.com','2021-07-21','Financial Analyst',5,NULL,78000,4.2,TRUE),
      (94,'Liam','Anderson','liam.anderson@company.com','2022-10-17','QA Engineer',2,NULL,72000,3.8,TRUE),
      (95,'Zoe','Mitchell','zoe.mitchell@company.com','2023-04-04','HR Executive',1,NULL,54000,3.6,TRUE),
      (96,'Noah','Clark','noah.clark@company.com','2020-08-08','Network Engineer',6,NULL,86000,4.4,TRUE),
      (97,'Victoria','Scott','victoria.scott@company.com','2019-09-19','Operations Manager',7,NULL,95000,4.6,TRUE),
      (98,'Elijah','Adams','elijah.adams@company.com','2021-11-11','Backend Engineer',2,NULL,99000,4.5,TRUE),
      (99,'Hannah','Young','hannah.young@company.com','2018-12-12','Marketing Analyst',4,NULL,74000,4.0,TRUE),
      (100,'Owen','Brown','owen.brown@company.com','2022-02-16','Accountant',5,NULL,69000,3.9,FALSE),
      (101,'John','Williams','john.williams@company.com','2022-03-15','Software Engineer',2,NULL,91000,4.1,TRUE),
      (102,'Rahul','Verma','rahul.verma2@corp.com','2020-02-10','HR Executive',1,1,48000,3.8,TRUE),
      (103,'Sneha','Iyer','sneha.iyer3@corp.com','2019-06-15','HR Manager',1,1,75000,4.5,TRUE),
      (104,'Arjun','Mehta','arjun.mehta4@corp.com','2021-01-20','Software Engineer',2,2,90000,4.2,TRUE),
      (105,'Priya','Sharma','priya.sharma5@corp.com','2018-09-12','Senior Engineer',2,2,115000,4.7,TRUE),
      (106,'Vikram','Singh','vikram.singh6@corp.com','2022-03-18','Sales Executive',3,3,55000,3.9,TRUE),
      (107,'Anjali','Rao','anjali.rao7@corp.com','2021-07-25','Sales Manager',3,3,82000,4.4,TRUE),
      (108,'Karan','Malhotra','karan.m8@corp.com','2017-11-05','Marketing Executive',4,4,60000,3.5,TRUE),
      (109,'Neha','Kapoor','neha.k9@corp.com','2020-08-19','Marketing Manager',4,4,88000,4.6,TRUE),
      (110,'Amit','Joshi','amit.j10@corp.com','2016-04-30','Finance Analyst',5,5,70000,4.1,TRUE),
      (111,'Riya','Nair','riya.n11@corp.com','2023-01-10','Accountant',5,5,65000,3.7,TRUE),
      (112,'Rahul','Verma','rahul.verma12@corp.com','2022-05-14','Recruiter',1,3,47000,3.6,TRUE),
      (113,'Sneha','Iyer','sneha.iyer13@corp.com','2021-09-22','HR Analyst',1,3,52000,4.0,TRUE),
      (114,'Aditya','Kulkarni','aditya.k14@corp.com','2019-03-11','Backend Developer',2,5,98000,4.3,TRUE),
      (115,'Meera','Shah','meera.s15@corp.com','2020-10-01','Frontend Developer',2,5,92000,4.2,TRUE),
      (116,'Rohit','Patel','rohit.p16@corp.com','2018-06-07','DevOps Engineer',2,5,105000,4.5,TRUE),
      (117,'Simran','Kaur','simran.k17@corp.com','2021-12-19','QA Engineer',2,5,85000,3.9,TRUE),
      (118,'Arjun','Mehta','arjun.mehta18@corp.com','2022-02-28','Sales Executive',3,7,54000,3.4,TRUE),
      (119,'Pooja','Desai','pooja.d19@corp.com','2019-07-13','Sales Executive',3,7,56000,3.8,TRUE),
      (120,'Nikhil','Bansal','nikhil.b20@corp.com','2017-05-21','Regional Sales Head',3,7,120000,4.8,TRUE),
      (121,'Divya','Menon','divya.m21@corp.com','2020-03-09','SEO Specialist',4,9,61000,3.6,TRUE),
      (122,'Aman','Chopra','aman.c22@corp.com','2021-11-17','Content Strategist',4,9,59000,3.9,TRUE),
      (123,'Riya','Nair','riya.n23@corp.com','2018-01-15','Financial Analyst',5,10,76000,4.3,TRUE),
      (124,'Sahil','Arora','sahil.a24@corp.com','2016-09-04','Finance Manager',5,10,99000,4.6,TRUE),
      (125,'Kavya','Reddy','kavya.r25@corp.com','2022-06-12','HR Coordinator',1,3,45000,3.2,TRUE),
      (126,'Yash','Gupta','yash.g26@corp.com','2020-12-30','Data Engineer',2,5,110000,4.4,TRUE),
      (127,'Tanya','Bose','tanya.b27@corp.com','2019-08-08','UI Designer',2,5,87000,4.0,TRUE),
      (128,'Manish','Tiwari','manish.t28@corp.com','2017-02-18','Sales Executive',3,7,53000,3.5,TRUE),
      (129,'Ishita','Saxena','ishita.s29@corp.com','2021-04-27','Marketing Analyst',4,9,64000,4.1,TRUE),
      (130,'Rohan','Das','rohan.d30@corp.com','2018-10-10','Accountant',5,10,68000,3.7,TRUE),
      (131,'Rahul','Verma','rahul.verma31@corp.com','2023-02-01','Junior Developer',2,4,78000,3.8,TRUE),
      (132,'Sneha','Iyer','sneha.iyer32@corp.com','2022-09-05','HR Executive',1,3,50000,3.9,FALSE),
      (133,'Ankit','Jain','ankit.j33@corp.com','2021-03-16','Software Engineer',2,4,76000,5,TRUE);

-- 3. Salaries (historical – multiple rows per employee)
CREATE TABLE salaries (
    salary_id   INT PRIMARY KEY AUTO_INCREMENT,
    emp_id      INT NOT NULL,
    salary      DECIMAL(10,2) NOT NULL,
    from_date   DATE NOT NULL,
    to_date     DATE DEFAULT '9999-12-31',
    FOREIGN KEY (emp_id) REFERENCES employees(emp_id)
);

-- Inserting Value into 'salaries' table 
INSERT INTO salaries (emp_id, salary, from_date, to_date)
SELECT 
    emp_id,
    salary, 
    '2025-10-01',
    '2025-10-31'
FROM employees;
INSERT INTO salaries (emp_id, salary, from_date, to_date)
SELECT 
    emp_id,
    salary,
    '2025-11-01',
    '2025-11-30'
FROM employees;
INSERT INTO salaries (emp_id, salary, from_date, to_date)
SELECT 
    emp_id,
    salary,
    '2025-11-01',
    '2025-11-30'
FROM employees;
INSERT INTO salaries (emp_id, salary, from_date, to_date)
SELECT 
    emp_id,
    salary * 1.05,
    '2025-12-01',
    '2025-12-31'
FROM employees;
INSERT INTO salaries (emp_id, salary, from_date, to_date)
SELECT 
    emp_id,
    salary * 1.10,
    '2026-01-01',
    '2026-01-31'
FROM employees;

-- 4. Customers (~80-150 rows)
CREATE TABLE customers (
    customer_id   INT PRIMARY KEY,
    first_name    VARCHAR(50),
    last_name     VARCHAR(50),
    email         VARCHAR(100),
    city          VARCHAR(50),
    country       VARCHAR(50),
    join_date     DATE,
    loyalty_score INT DEFAULT 0     -- higher = more loyal
);

-- Adding Value into 'customer' Table
INSERT INTO customers 
(customer_id, first_name, last_name, email, city, country, join_date, loyalty_score)
VALUES
      (1,'James','Smith','james.smith1@gmail.com','New York','USA','2023-01-15',75),
      (2,'Emma','Johnson','emma.johnson2@gmail.com','Los Angeles','USA','2023-02-20',40),
      (3,'Liam','Brown','liam.brown3@gmail.com','Chicago','USA','2023-03-18',62),
      (4,'Olivia','Jones','olivia.jones4@gmail.com','Houston','USA','2023-04-10',90),
      (5,'Noah','Garcia','noah.garcia5@gmail.com','Phoenix','USA','2023-05-05',30),
      (6,'Ava','Miller','ava.miller6@gmail.com','London','UK','2023-06-11',55),
      (7,'William','Davis','william.davis7@gmail.com','Manchester','UK','2023-07-22',48),
      (8,'Sophia','Martinez','sophia.martinez8@gmail.com','Birmingham','UK','2023-08-09',80),
      (9,'Benjamin','Taylor','ben.taylor9@gmail.com','Leeds','UK','2023-09-13',22),
      (10,'Isabella','Anderson','bella.anderson10@gmail.com','Liverpool','UK','2023-10-19',67),
      (11,'Arjun','Sharma','arjun.sharma11@gmail.com','Mumbai','India','2023-11-03',88),
      (12,'Priya','Verma','priya.verma12@gmail.com','Delhi','India','2023-12-14',73),
      (13,'Rohan','Mehta','rohan.mehta13@gmail.com','Bangalore','India','2024-01-08',35),
      (14,'Ananya','Reddy','ananya.reddy14@gmail.com','Hyderabad','India','2024-02-21',91),
      (15,'Kabir','Kapoor','kabir.kapoor15@gmail.com','Chennai','India','2024-03-17',50),
      (16,'Lucas','Wilson','lucas.wilson16@gmail.com','Toronto','Canada','2024-04-04',66),
      (17,'Mia','Moore','mia.moore17@gmail.com','Vancouver','Canada','2024-05-12',28),
      (18,'Ethan','Clark','ethan.clark18@gmail.com','Calgary','Canada','2024-06-25',79),
      (19,'Charlotte','Lewis','charlotte.lewis19@gmail.com','Ottawa','Canada','2024-07-07',60),
      (20,'Henry','Walker','henry.walker20@gmail.com','Montreal','Canada','2024-08-18',44),
      (21,'Jack','Hall','jack.hall21@gmail.com','Sydney','Australia','2024-09-02',85),
      (22,'Amelia','Allen','amelia.allen22@gmail.com','Melbourne','Australia','2024-09-19',32),
      (23,'Alexander','Young','alex.young23@gmail.com','Brisbane','Australia','2024-10-11',57),
      (24,'Harper','Hernandez','harper.h24@gmail.com','Perth','Australia','2024-11-29',93),
      (25,'Daniel','King','daniel.king25@gmail.com','Adelaide','Australia','2024-12-13',70),
      (26,'Michael','Scott','michael.scott26@gmail.com','New York','USA','2025-01-03',82),
      (27,'Pam','Beesly','pam.beesly27@gmail.com','Chicago','USA','2025-01-07',64),
      (28,'Jim','Halpert','jim.halpert28@gmail.com','Boston','USA','2025-01-12',91),
      (29,'Dwight','Schrute','dwight.schrute29@gmail.com','Houston','USA','2025-01-19',58),
      (30,'Stanley','Hudson','stanley.hudson30@gmail.com','Phoenix','USA','2025-01-25',33),
      (31,'Rachel','Green','rachel.green31@gmail.com','London','UK','2025-02-02',76),
      (32,'Ross','Geller','ross.geller32@gmail.com','Manchester','UK','2025-02-08',69),
      (33,'Monica','Geller','monica.geller33@gmail.com','Liverpool','UK','2025-02-15',88),
      (34,'Chandler','Bing','chandler.bing34@gmail.com','Leeds','UK','2025-02-20',72),
      (35,'Joey','Tribbiani','joey.tribbiani35@gmail.com','Birmingham','UK','2025-02-28',41),
      (36,'Aryan','Malhotra','aryan.m36@gmail.com','Delhi','India','2025-03-03',55),
      (37,'Isha','Patel','isha.p37@gmail.com','Mumbai','India','2025-03-10',84),
      (38,'Vihaan','Singh','vihaan.s38@gmail.com','Bangalore','India','2025-03-14',47),
      (39,'Saanvi','Kaur','saanvi.k39@gmail.com','Hyderabad','India','2025-03-18',93),
      (40,'Aditya','Rao','aditya.r40@gmail.com','Chennai','India','2025-03-25',61),
      (41,'Oliver','White','oliver.white41@gmail.com','Toronto','Canada','2025-04-01',70),
      (42,'Amelia','Martin','amelia.martin42@gmail.com','Vancouver','Canada','2025-04-06',52),
      (43,'Elijah','Thompson','elijah.t43@gmail.com','Calgary','Canada','2025-04-14',79),
      (44,'Avery','Lee','avery.lee44@gmail.com','Ottawa','Canada','2025-04-19',66),
      (45,'Logan','Harris','logan.harris45@gmail.com','Montreal','Canada','2025-04-27',36),
      (46,'Noelle','Adams','noelle.adams46@gmail.com','Sydney','Australia','2025-05-02',74),
      (47,'Mason','Clark','mason.clark47@gmail.com','Melbourne','Australia','2025-05-09',68),
      (48,'Grace','Lewis','grace.lewis48@gmail.com','Brisbane','Australia','2025-05-16',83),
      (49,'Sebastian','Walker','sebastian.w49@gmail.com','Perth','Australia','2025-05-21',59),
      (50,'Lily','Young','lily.young50@gmail.com','Adelaide','Australia','2025-05-29',49),
      (51,'Nathan','Hall','nathan.hall51@gmail.com','New York','USA','2025-06-04',92),
      (52,'Hannah','Allen','hannah.allen52@gmail.com','Chicago','USA','2025-06-09',38),
      (53,'Caleb','King','caleb.king53@gmail.com','Los Angeles','USA','2025-06-17',65),
      (54,'Zoe','Wright','zoe.wright54@gmail.com','Houston','USA','2025-06-24',77),
      (55,'Isaac','Lopez','isaac.lopez55@gmail.com','Phoenix','USA','2025-06-30',44),
      (56,'Scarlett','Hill','scarlett.hill56@gmail.com','London','UK','2025-07-03',87),
      (57,'Owen','Scott','owen.scott57@gmail.com','Manchester','UK','2025-07-11',60),
      (58,'Victoria','Green','victoria.green58@gmail.com','Liverpool','UK','2025-07-19',73),
      (59,'Wyatt','Baker','wyatt.baker59@gmail.com','Leeds','UK','2025-07-26',54),
      (60,'Aria','Nelson','aria.nelson60@gmail.com','Birmingham','UK','2025-07-30',46),
      (61,'Krish','Chopra','krish.c61@gmail.com','Mumbai','India','2025-08-05',81),
      (62,'Meera','Joshi','meera.j62@gmail.com','Delhi','India','2025-08-12',63),
      (63,'Dev','Shah','dev.shah63@gmail.com','Bangalore','India','2025-08-19',71),
      (64,'Riya','Nair','riya.nair64@gmail.com','Hyderabad','India','2025-08-23',90),
      (65,'Aarav','Desai','aarav.desai65@gmail.com','Chennai','India','2025-08-29',52),
      (66,'Lucas','Perez','lucas.p66@gmail.com','Toronto','Canada','2025-09-02',78),
      (67,'Emily','Roberts','emily.r67@gmail.com','Vancouver','Canada','2025-09-08',69),
      (68,'Jack','Turner','jack.t68@gmail.com','Calgary','Canada','2025-09-14',56),
      (69,'Chloe','Phillips','chloe.p69@gmail.com','Ottawa','Canada','2025-09-20',88),
      (70,'Aiden','Campbell','aiden.c70@gmail.com','Montreal','Canada','2025-09-27',43),
      (71,'Levi','Parker','levi.p71@gmail.com','Sydney','Australia','2025-10-03',75),
      (72,'Ella','Evans','ella.e72@gmail.com','Melbourne','Australia','2025-10-09',67),
      (73,'Mateo','Edwards','mateo.e73@gmail.com','Brisbane','Australia','2025-10-15',84),
      (74,'Nora','Collins','nora.c74@gmail.com','Perth','Australia','2025-10-21',58),
      (75,'Julian','Stewart','julian.s75@gmail.com','Adelaide','Australia','2025-10-28',62),
      (76,'Daniel','Murphy','daniel.m76@gmail.com','New York','USA','2025-11-02',71),
      (77,'Sophie','Bailey','sophie.b77@gmail.com','Chicago','USA','2025-11-05',53),
      (78,'Matthew','Rivera','matthew.r78@gmail.com','Los Angeles','USA','2025-11-09',86),
      (79,'Aaliyah','Cooper','aaliyah.c79@gmail.com','Houston','USA','2025-11-14',64),
      (80,'Joseph','Richardson','joseph.r80@gmail.com','Phoenix','USA','2025-11-18',45),
      (81,'David','Cox','david.c81@gmail.com','London','UK','2025-11-22',90),
      (82,'Layla','Howard','layla.h82@gmail.com','Manchester','UK','2025-11-26',58),
      (83,'Samuel','Ward','samuel.w83@gmail.com','Liverpool','UK','2025-12-01',73),
      (84,'Aubrey','Torres','aubrey.t84@gmail.com','Leeds','UK','2025-12-05',62),
      (85,'Carter','Peterson','carter.p85@gmail.com','Birmingham','UK','2025-12-09',47),
      (86,'Yash','Bhat','yash.b86@gmail.com','Delhi','India','2025-12-12',82),
      (87,'Sneha','Iyer','sneha.i87@gmail.com','Mumbai','India','2025-12-16',66),
      (88,'Kunal','Arora','kunal.a88@gmail.com','Bangalore','India','2025-12-20',75),
      (89,'Pooja','Menon','pooja.m89@gmail.com','Hyderabad','India','2025-12-24',93),
      (90,'Varun','Khanna','varun.k90@gmail.com','Chennai','India','2025-12-29',59),
      (91,'Ryan','Flores','ryan.f91@gmail.com','Toronto','Canada','2026-01-03',70),
      (92,'Luna','Gonzalez','luna.g92@gmail.com','Vancouver','Canada','2026-01-07',88),
      (93,'Gabriel','Barnes','gabriel.b93@gmail.com','Calgary','Canada','2026-01-10',54),
      (94,'Ella','Reed','ella.r94@gmail.com','Ottawa','Canada','2026-01-14',61),
      (95,'Anthony','Henderson','anthony.h95@gmail.com','Montreal','Canada','2026-01-18',49),
      (96,'Hudson','Coleman','hudson.c96@gmail.com','Sydney','Australia','2026-01-21',77),
      (97,'Zara','Jenkins','zara.j97@gmail.com','Melbourne','Australia','2026-01-24',69),
      (98,'Connor','Perry','connor.p98@gmail.com','Brisbane','Australia','2026-01-27',83),
      (99,'Mila','Powell','mila.p99@gmail.com','Perth','Australia','2026-01-29',57),
      (100,'Isaiah','Long','isaiah.l100@gmail.com','Adelaide','Australia','2026-02-01',65),
      (101,'Leo','Patterson','leo.p101@gmail.com','New York','USA','2026-02-04',91),
      (102,'Aurora','Hughes','aurora.h102@gmail.com','Chicago','USA','2026-02-08',74),
      (103,'Julian','Flores','julian.f103@gmail.com','Los Angeles','USA','2026-02-12',60),
      (104,'Stella','Washington','stella.w104@gmail.com','Houston','USA','2026-02-15',46),
      (105,'Lincoln','Butler','lincoln.b105@gmail.com','Phoenix','USA','2026-02-18',82),
      (106,'Thomas','Simmons','thomas.s106@gmail.com','London','UK','2026-02-22',63),
      (107,'Hazel','Foster','hazel.f107@gmail.com','Manchester','UK','2026-02-25',71),
      (108,'Andrew','Gonzales','andrew.g108@gmail.com','Liverpool','UK','2026-02-28',55),
      (109,'Violet','Bryant','violet.b109@gmail.com','Leeds','UK','2026-03-03',89),
      (110,'Christopher','Alexander','christopher.a110@gmail.com','Birmingham','UK','2026-03-06',52),
      (111,'Rahul','Sethi','rahul.s111@gmail.com','Mumbai','India','2026-03-09',78),
      (112,'Neha','Dubey','neha.d112@gmail.com','Delhi','India','2026-03-13',67),
      (113,'Manav','Trivedi','manav.t113@gmail.com','Bangalore','India','2026-03-17',84),
      (114,'Ira','Bose','ira.b114@gmail.com','Hyderabad','India','2026-03-20',58),
      (115,'Tanish','Gill','tanish.g115@gmail.com','Chennai','India','2026-03-23',72),
      (116,'Evan','Diaz','evan.d116@gmail.com','Toronto','Canada','2026-03-26',64),
      (117,'Lillian','Hayes','lillian.h117@gmail.com','Vancouver','Canada','2026-03-29',87),
      (118,'Aaron','Myers','aaron.m118@gmail.com','Calgary','Canada','2026-04-02',69),
      (119,'Paisley','Ford','paisley.f119@gmail.com','Ottawa','Canada','2026-04-05',53),
      (120,'Jonathan','Hamilton','jonathan.h120@gmail.com','Montreal','Canada','2026-04-08',76),
      (121,'Nathaniel','Graham','nathaniel.g121@gmail.com','Sydney','Australia','2026-04-11',62),
      (122,'Claire','Sullivan','claire.s122@gmail.com','Melbourne','Australia','2026-04-14',80),
      (123,'Dominic','Wallace','dominic.w123@gmail.com','Brisbane','Australia','2026-04-17',71),
      (124,'Madeline','Woods','madeline.w124@gmail.com','Perth','Australia','2026-04-20',59),
      (125,'Brody','Cole','brody.c125@gmail.com','Adelaide','Australia','2026-04-23',85),
      (126,'Adam','West','adam.w126@gmail.com','New York','USA','2026-04-26',73),
      (127,'Katherine','Jordan','katherine.j127@gmail.com','Chicago','USA','2026-04-29',68),
      (128,'Isaac','Owens','isaac.o128@gmail.com','Los Angeles','USA','2026-05-02',92),
      (129,'Ruby','Reynolds','ruby.r129@gmail.com','Houston','USA','2026-05-05',56),
      (130,'Charles','Fisher','charles.f130@gmail.com','Phoenix','USA','2026-05-08',64),
      (131,'Kevin','Ellis','kevin.e131@gmail.com','London','UK','2026-05-11',79),
      (132,'Alice','Harrison','alice.h132@gmail.com','Manchester','UK','2026-05-14',61),
      (133,'Brandon','Gibson','brandon.g133@gmail.com','Liverpool','UK','2026-05-17',74),
      (134,'Penelope','Mcdonald','penelope.m134@gmail.com','Leeds','UK','2026-05-20',88),
      (135,'Tyler','Cruz','tyler.c135@gmail.com','Birmingham','UK','2026-05-23',57),
      (136,'Rudra','Agarwal','rudra.a136@gmail.com','Delhi','India','2026-05-26',83),
      (137,'Alisha','Chatterjee','alisha.c137@gmail.com','Mumbai','India','2026-05-29',69),
      (138,'Nikhil','Pillai','nikhil.p138@gmail.com','Bangalore','India','2026-06-01',76),
      (139,'Tara','Malik','tara.m139@gmail.com','Hyderabad','India','2026-06-04',60),
      (140,'Harsh','Yadav','harsh.y140@gmail.com','Chennai','India','2026-06-07',72),
      (141,'Luke','Knight','luke.k141@gmail.com','Toronto','Canada','2026-06-10',84),
      (142,'Eva','Larson','eva.l142@gmail.com','Vancouver','Canada','2026-06-13',67),
      (143,'Miles','Wheeler','miles.w143@gmail.com','Calgary','Canada','2026-06-16',75),
      (144,'Sadie','Johnston','sadie.j144@gmail.com','Ottawa','Canada','2026-06-19',58),
      (145,'Jason','Hunter','jason.h145@gmail.com','Montreal','Canada','2026-06-22',81),
      (146,'Connor','Austin','connor.a146@gmail.com','Sydney','Australia','2026-06-25',63),
      (147,'Lucy','Dixon','lucy.d147@gmail.com','Melbourne','Australia','2026-06-28',70),
      (148,'Calvin','Fleming','calvin.f148@gmail.com','Brisbane','Australia','2026-07-01',89),
      (149,'Autumn','Morrison','autumn.m149@gmail.com','Perth','Australia','2026-07-04',66),
      (150,'Jaxon','Oliver','jaxon.o150@gmail.com','Adelaide','Australia','2026-07-07',77);

-- 5. Creating Orders Table
CREATE TABLE orders (
    order_id      INT PRIMARY KEY,
    customer_id   INT NOT NULL,
    emp_id        INT NULL,          -- which employee handled/sold it (sales rep)
    order_date    DATE NOT NULL,
    total_amount  DECIMAL(12,2) NOT NULL,
    status        VARCHAR(20) DEFAULT 'Completed',  -- Completed, Pending, Cancelled
    payment_method VARCHAR(30),
    FOREIGN KEY (customer_id) REFERENCES customers(customer_id),
    FOREIGN KEY (emp_id)      REFERENCES employees(emp_id)
);

-- Adding values into order table
INSERT INTO orders 
    (order_id, customer_id, emp_id, order_date, total_amount, status, payment_method) 
VALUES
    (1,12,3,'2025-10-01',0,'Completed','Card'),
    (2,45,11,'2025-10-01',0,'Completed','Bank Transfer'),
    (3,78,27,'2025-10-02',0,'Completed','Cash'),
    (4,12,42,'2025-10-02',0,'Completed','Card'),
    (5,90,51,'2025-10-03',0,'Pending','Card'),
    
    (6,33,71,'2025-10-03',0,'Completed','Cash'),
    (7,44,79,'2025-10-04',0,'Completed','Card'),
    (8,65,87,'2025-10-04',0,'Cancelled','Card'),
    (9,101,92,'2025-10-05',0,'Completed','Bank Transfer'),
    (10,22,106,'2025-10-05',0,'Completed','Cash'),
    
    (11,55,107,'2025-10-06',0,'Completed','Card'),
    (12,77,118,'2025-10-07',0,'Completed','Cash'),
    (13,99,119,'2025-10-07',0,'Completed','Card'),
    (14,14,120,'2025-10-08',0,'Pending','Card'),
    (15,88,128,'2025-10-08',0,'Completed','Cash'),
    
    (16,12,1,'2025-10-09',0,'Completed','Card'),
    (17,34,3,'2025-10-09',0,'Completed','Card'),
    (18,60,11,'2025-10-10',0,'Completed','Bank Transfer'),
    (19,45,12,'2025-10-10',0,'Completed','Bank Transfer'),
    (20,22,27,'2025-10-11',0,'Completed','Cash'),
    
    (21,72,28,'2025-10-11',0,'Completed','Card'),
    (22,19,42,'2025-10-12',0,'Completed','Cash'),
    (23,84,51,'2025-10-12',0,'Completed','Card'),
    (24,90,59,'2025-10-13',0,'Completed','Card'),
    (25,41,71,'2025-10-13',0,'Completed','Bank Transfer'),
    
    (26,63,79,'2025-10-14',0,'Pending','Card'),
    (27,12,87,'2025-10-14',0,'Completed','Card'),
    (28,105,92,'2025-10-15',0,'Completed','Bank Transfer'),
    (29,33,106,'2025-10-15',0,'Completed','Cash'),
    (30,58,107,'2025-10-16',0,'Completed','Card'),
    
    (31,22,118,'2025-10-16',0,'Completed','Cash'),
    (32,45,119,'2025-10-17',0,'Completed','Bank Transfer'),
    (33,73,120,'2025-10-17',0,'Completed','Card'),
    (34,66,128,'2025-10-18',0,'Cancelled','Card'),
    (35,91,1,'2025-10-18',0,'Completed','Card'),
    
    (36,12,3,'2025-10-19',0,'Completed','Card'),
    (37,49,11,'2025-10-19',0,'Completed','Cash'),
    (38,102,12,'2025-10-20',0,'Completed','Bank Transfer'),
    (39,78,27,'2025-10-20',0,'Completed','Cash'),
    (40,90,28,'2025-10-21',0,'Pending','Card'),
    
    (41,36,42,'2025-10-21',0,'Completed','Card'),
    (42,65,51,'2025-10-22',0,'Completed','Card'),
    (43,88,59,'2025-10-22',0,'Completed','Cash'),
    (44,54,71,'2025-10-23',0,'Completed','Bank Transfer'),
    (45,101,79,'2025-10-23',0,'Completed','Card'),
    
    (46,45,87,'2025-10-24',0,'Completed','Bank Transfer'),
    (47,20,92,'2025-10-24',0,'Completed','Cash'),
    (48,77,106,'2025-10-25',0,'Completed','Cash'),
    (49,93,107,'2025-10-25',0,'Completed','Card'),
    (50,12,118,'2025-10-26',0,'Completed','Card'),
    
    (51,61,119,'2025-10-26',0,'Completed','Card'),
    (52,33,120,'2025-10-27',0,'Completed','Cash'),
    (53,70,128,'2025-10-27',0,'Completed','Card'),
    (54,84,1,'2025-10-28',0,'Completed','Card'),
    (55,22,3,'2025-10-28',0,'Completed','Cash'),
    
    (56,59,11,'2025-10-29',0,'Pending','Card'),
    (57,45,12,'2025-10-29',0,'Completed','Bank Transfer'),
    (58,99,27,'2025-10-30',0,'Completed','Card'),
    (59,12,28,'2025-10-30',0,'Completed','Card'),
    (60,74,42,'2025-10-31',0,'Completed','Card'),
    
    (61,12,51,'2025-11-01',0,'Completed','Card'),
    (62,45,59,'2025-11-01',0,'Completed','Bank Transfer'),
    (63,33,71,'2025-11-02',0,'Completed','Cash'),
    (64,90,79,'2025-11-02',0,'Pending','Card'),
    (65,22,87,'2025-11-03',0,'Completed','Card'),
    
    (66,78,92,'2025-11-03',0,'Completed','Cash'),
    (67,101,106,'2025-11-04',0,'Completed','Bank Transfer'),
    (68,65,107,'2025-11-04',0,'Completed','Card'),
    (69,44,118,'2025-11-05',0,'Completed','Cash'),
    (70,55,119,'2025-11-05',0,'Completed','Card'),
    
    (71,77,120,'2025-11-06',0,'Completed','Cash'),
    (72,14,128,'2025-11-06',0,'Completed','Card'),
    (73,88,1,'2025-11-07',0,'Completed','Card'),
    (74,12,3,'2025-11-07',0,'Completed','Card'),
    (75,34,11,'2025-11-08',0,'Completed','Cash'),
    
    (76,60,12,'2025-11-08',0,'Completed','Bank Transfer'),
    (77,45,27,'2025-11-09',0,'Completed','Bank Transfer'),
    (78,22,28,'2025-11-09',0,'Completed','Cash'),
    (79,72,42,'2025-11-10',0,'Completed','Card'),
    (80,19,51,'2025-11-10',0,'Completed','Card'),
    
    (81,84,59,'2025-11-11',0,'Completed','Card'),
    (82,90,71,'2025-11-11',0,'Completed','Card'),
    (83,41,79,'2025-11-12',0,'Completed','Bank Transfer'),
    (84,63,87,'2025-11-12',0,'Pending','Card'),
    (85,12,92,'2025-11-13',0,'Completed','Card'),
    
    (86,105,106,'2025-11-13',0,'Completed','Bank Transfer'),
    (87,33,107,'2025-11-14',0,'Completed','Cash'),
    (88,58,118,'2025-11-14',0,'Completed','Card'),
    (89,22,119,'2025-11-15',0,'Completed','Cash'),
    (90,45,120,'2025-11-15',0,'Completed','Bank Transfer'),
    
    (91,73,128,'2025-11-16',0,'Completed','Card'),
    (92,66,1,'2025-11-16',0,'Cancelled','Card'),
    (93,91,3,'2025-11-17',0,'Completed','Card'),
    (94,12,11,'2025-11-17',0,'Completed','Card'),
    (95,49,12,'2025-11-18',0,'Completed','Cash'),
    
    (96,102,27,'2025-11-18',0,'Completed','Bank Transfer'),
    (97,78,28,'2025-11-19',0,'Completed','Cash'),
    (98,90,42,'2025-11-19',0,'Pending','Card'),
    (99,36,51,'2025-11-20',0,'Completed','Card'),
    (100,65,59,'2025-11-20',0,'Completed','Card'),
    
    (101,88,71,'2025-11-21',0,'Completed','Cash'),
    (102,54,79,'2025-11-21',0,'Completed','Bank Transfer'),
    (103,101,87,'2025-11-22',0,'Completed','Card'),
    (104,45,92,'2025-11-22',0,'Completed','Bank Transfer'),
    (105,20,106,'2025-11-23',0,'Completed','Cash'),
    
    (106,77,107,'2025-11-23',0,'Completed','Cash'),
    (107,93,118,'2025-11-24',0,'Completed','Card'),
    (108,12,119,'2025-11-24',0,'Completed','Card'),
    (109,61,120,'2025-11-25',0,'Completed','Card'),
    (110,33,128,'2025-11-25',0,'Completed','Cash'),
    
    (111,70,1,'2025-11-26',0,'Completed','Card'),
    (112,84,3,'2025-11-26',0,'Completed','Card'),
    (113,22,11,'2025-11-27',0,'Completed','Cash'),
    (114,59,12,'2025-11-27',0,'Pending','Card'),
    (115,45,27,'2025-11-28',0,'Completed','Bank Transfer'),
    
    (116,99,28,'2025-11-28',0,'Completed','Card'),
    (117,12,42,'2025-11-29',0,'Completed','Card'),
    (118,74,51,'2025-11-29',0,'Completed','Card'),
    (119,90,59,'2025-11-30',0,'Completed','Card'),
    (120,33,71,'2025-11-30',0,'Completed','Cash'),
    
    (121,12,79,'2025-12-01',0,'Completed','Card'),
    (122,45,87,'2025-12-01',0,'Completed','Bank Transfer'),
    (123,33,92,'2025-12-02',0,'Completed','Cash'),
    (124,90,106,'2025-12-02',0,'Pending','Card'),
    (125,22,107,'2025-12-03',0,'Completed','Card'),
    
    (126,78,118,'2025-12-03',0,'Completed','Cash'),
    (127,101,119,'2025-12-04',0,'Completed','Bank Transfer'),
    (128,65,120,'2025-12-04',0,'Completed','Card'),
    (129,44,128,'2025-12-05',0,'Completed','Cash'),
    (130,55,1,'2025-12-05',0,'Completed','Card'),
    
    (131,77,3,'2025-12-06',0,'Completed','Cash'),
    (132,14,11,'2025-12-06',0,'Completed','Card'),
    (133,88,12,'2025-12-07',0,'Completed','Card'),
    (134,12,27,'2025-12-07',0,'Completed','Card'),
    (135,34,28,'2025-12-08',0,'Completed','Cash'),
    
    (136,60,42,'2025-12-08',0,'Completed','Bank Transfer'),
    (137,45,51,'2025-12-09',0,'Completed','Bank Transfer'),
    (138,22,59,'2025-12-09',0,'Completed','Cash'),
    (139,72,71,'2025-12-10',0,'Completed','Card'),
    (140,19,79,'2025-12-10',0,'Completed','Card'),
    
    (141,84,87,'2025-12-11',0,'Completed','Card'),
    (142,90,92,'2025-12-11',0,'Completed','Card'),
    (143,41,106,'2025-12-12',0,'Completed','Bank Transfer'),
    (144,63,107,'2025-12-12',0,'Pending','Card'),
    (145,12,118,'2025-12-13',0,'Completed','Card'),
    
    (146,105,119,'2025-12-13',0,'Completed','Bank Transfer'),
    (147,33,120,'2025-12-14',0,'Completed','Cash'),
    (148,58,128,'2025-12-14',0,'Completed','Card'),
    (149,22,1,'2025-12-15',0,'Completed','Cash'),
    (150,45,3,'2025-12-15',0,'Completed','Bank Transfer'),
    
    (151,73,11,'2025-12-16',0,'Completed','Card'),
    (152,66,12,'2025-12-16',0,'Cancelled','Card'),
    (153,91,27,'2025-12-17',0,'Completed','Card'),
    (154,12,28,'2025-12-17',0,'Completed','Card'),
    (155,49,42,'2025-12-18',0,'Completed','Cash'),
    
    (156,102,51,'2025-12-18',0,'Completed','Bank Transfer'),
    (157,78,59,'2025-12-19',0,'Completed','Cash'),
    (158,90,71,'2025-12-19',0,'Pending','Card'),
    (159,36,79,'2025-12-20',0,'Completed','Card'),
    (160,65,87,'2025-12-20',0,'Completed','Card'),
    
    (161,88,92,'2025-12-21',0,'Completed','Cash'),
    (162,54,106,'2025-12-21',0,'Completed','Bank Transfer'),
    (163,101,107,'2025-12-22',0,'Completed','Card'),
    (164,45,118,'2025-12-22',0,'Completed','Bank Transfer'),
    (165,20,119,'2025-12-23',0,'Completed','Cash'),
    
    (166,77,120,'2025-12-23',0,'Completed','Cash'),
    (167,93,128,'2025-12-24',0,'Completed','Card'),
    (168,12,1,'2025-12-24',0,'Completed','Card'),
    (169,61,3,'2025-12-25',0,'Completed','Card'),
    (170,33,11,'2025-12-25',0,'Completed','Cash'),
    
    (171,70,12,'2025-12-26',0,'Completed','Card'),
    (172,84,27,'2025-12-26',0,'Completed','Card'),
    (173,22,28,'2025-12-27',0,'Completed','Cash'),
    (174,59,42,'2025-12-27',0,'Pending','Card'),
    (175,45,51,'2025-12-28',0,'Completed','Bank Transfer'),
    
    (176,99,59,'2025-12-28',0,'Completed','Card'),
    (177,12,71,'2025-12-29',0,'Completed','Card'),
    (178,74,79,'2025-12-29',0,'Completed','Card'),
    (179,90,87,'2025-12-30',0,'Completed','Card'),
    (180,33,92,'2025-12-30',0,'Completed','Cash'),
    
    (181,48,106,'2025-12-31',0,'Completed','Card'),
    (182,57,107,'2025-12-31',0,'Completed','Bank Transfer'),
    (183,62,118,'2025-12-31',0,'Completed','Cash'),
    (184,18,119,'2025-12-31',0,'Completed','Card'),
    (185,29,120,'2025-12-31',0,'Completed','Card'),
    
    (186,35,128,'2025-12-31',0,'Completed','Cash'),
    (187,40,1,'2025-12-31',0,'Completed','Card'),
    (188,52,3,'2025-12-31',0,'Completed','Card'),
    (189,67,11,'2025-12-31',0,'Completed','Bank Transfer'),
    (190,81,12,'2025-12-31',0,'Completed','Card'),
    
    (191,95,27,'2025-12-31',0,'Completed','Cash'),
    (192,100,28,'2025-12-31',0,'Completed','Card'),
    (193,103,42,'2025-12-31',0,'Completed','Card'),
    (194,110,51,'2025-12-31',0,'Completed','Bank Transfer'),
    (195,115,59,'2025-12-31',0,'Completed','Card'),
    
    (196,120,71,'2025-12-31',0,'Completed','Cash'),
    (197,121,79,'2025-12-31',0,'Completed','Card'),
    (198,122,87,'2025-12-31',0,'Completed','Card'),
    (199,123,92,'2025-12-31',0,'Completed','Bank Transfer'),
    (200,124,106,'2025-12-31',0,'Completed','Card'),
    
    (201,12,107,'2026-01-01',0,'Completed','Card'),
    (202,45,118,'2026-01-01',0,'Completed','Bank Transfer'),
    (203,33,119,'2026-01-02',0,'Completed','Cash'),
    (204,90,120,'2026-01-02',0,'Pending','Card'),
    (205,22,128,'2026-01-03',0,'Completed','Card'),
    (206,78,1,'2026-01-03',0,'Completed','Cash'),
    
    (207,101,3,'2026-01-04',0,'Completed','Bank Transfer'),
    (208,65,11,'2026-01-04',0,'Completed','Card'),
    (209,44,12,'2026-01-05',0,'Completed','Cash'),
    (210,55,27,'2026-01-05',0,'Completed','Card'),
    
    (211,77,28,'2026-01-06',0,'Completed','Cash'),
    (212,14,42,'2026-01-06',0,'Completed','Card'),
    (213,88,51,'2026-01-07',0,'Completed','Card'),
    (214,12,59,'2026-01-07',0,'Completed','Card'),
    (215,34,71,'2026-01-08',0,'Completed','Cash'),
    
    (216,60,79,'2026-01-08',0,'Completed','Bank Transfer'),
    (217,45,87,'2026-01-09',0,'Completed','Bank Transfer'),
    (218,22,92,'2026-01-09',0,'Completed','Cash'),
    (219,72,106,'2026-01-10',0,'Completed','Card'),
    (220,19,107,'2026-01-10',0,'Completed','Card'),
    
    (221,84,118,'2026-01-11',0,'Completed','Card'),
    (222,90,119,'2026-01-11',0,'Completed','Card'),
    (223,41,120,'2026-01-12',0,'Completed','Bank Transfer'),
    (224,63,128,'2026-01-12',0,'Pending','Card'),
    (225,12,1,'2026-01-13',0,'Completed','Card'),
    
    (226,105,3,'2026-01-13',0,'Completed','Bank Transfer'),
    (227,33,11,'2026-01-14',0,'Completed','Cash'),
    (228,58,12,'2026-01-14',0,'Completed','Card'),
    (229,22,27,'2026-01-15',0,'Completed','Cash'),
    (230,45,28,'2026-01-15',0,'Completed','Bank Transfer'),
    
    (231,73,42,'2026-01-16',0,'Completed','Card'),
    (232,66,51,'2026-01-16',0,'Cancelled','Card'),
    (233,91,59,'2026-01-17',0,'Completed','Card'),
    (234,12,71,'2026-01-17',0,'Completed','Card'),
    (235,49,79,'2026-01-18',0,'Completed','Cash'),
    
    (236,102,87,'2026-01-18',0,'Completed','Bank Transfer'),
    (237,78,92,'2026-01-19',0,'Completed','Cash'),
    (238,90,106,'2026-01-19',0,'Pending','Card'),
    (239,36,107,'2026-01-20',0,'Completed','Card'),
    (240,65,118,'2026-01-20',0,'Completed','Card'),
    
    (241,88,119,'2026-01-21',0,'Completed','Cash'),
    (242,54,120,'2026-01-21',0,'Completed','Bank Transfer'),
    (243,101,128,'2026-01-22',0,'Completed','Card'),
    (244,45,1,'2026-01-22',0,'Completed','Bank Transfer'),
    (245,20,3,'2026-01-23',0,'Completed','Cash'),
    
    (246,77,11,'2026-01-23',0,'Completed','Cash'),
    (247,93,12,'2026-01-24',0,'Completed','Card'),
    (248,12,27,'2026-01-24',0,'Completed','Card'),
    (249,61,28,'2026-01-25',0,'Completed','Card'),
    (250,33,42,'2026-01-25',0,'Completed','Cash'),
    
    (251,70,51,'2026-01-26',0,'Completed','Card'),
    (252,84,59,'2026-01-26',0,'Completed','Card'),
    (253,22,71,'2026-01-27',0,'Completed','Cash'),
    (254,59,79,'2026-01-27',0,'Pending','Card'),
    (255,45,87,'2026-01-28',0,'Completed','Bank Transfer'),
    
    (256,99,92,'2026-01-28',0,'Completed','Card'),
    (257,12,106,'2026-01-29',0,'Completed','Card'),
    (258,74,107,'2026-01-29',0,'Completed','Card'),
    (259,90,118,'2026-01-30',0,'Completed','Card'),
    (260,33,119,'2026-01-30',0,'Completed','Cash'),
    
    (261,48,120,'2026-01-31',0,'Completed','Card'),
    (262,57,128,'2026-01-31',0,'Completed','Bank Transfer'),
    (263,62,1,'2026-01-31',0,'Completed','Cash'),
    (264,18,3,'2026-01-31',0,'Completed','Card'),
    (265,29,11,'2026-01-31',0,'Completed','Card'),
    
    (266,35,12,'2026-01-31',0,'Completed','Cash'),
    (267,40,27,'2026-01-31',0,'Completed','Card'),
    (268,52,28,'2026-01-31',0,'Completed','Card'),
    (269,67,42,'2026-01-31',0,'Completed','Bank Transfer'),
    (270,81,51,'2026-01-31',0,'Completed','Card'),
    
    (271,95,59,'2026-01-31',0,'Completed','Cash'),
    (272,100,71,'2026-01-31',0,'Completed','Card'),
    (273,103,79,'2026-01-31',0,'Completed','Card'),
    (274,110,87,'2026-01-31',0,'Completed','Bank Transfer'),
    (275,115,92,'2026-01-31',0,'Completed','Card'),
    
    (276,120,106,'2026-01-31',0,'Completed','Cash'),
    (277,121,107,'2026-01-31',0,'Completed','Card'),
    (278,122,118,'2026-01-31',0,'Completed','Card'),
    (279,123,119,'2026-01-31',0,'Completed','Bank Transfer'),
    (280,124,120,'2026-01-31',0,'Completed','Card'),
    
    (281,12,128,'2026-01-31',0,'Completed','Card'),
    (282,45,1,'2026-01-31',0,'Completed','Bank Transfer'),
    (283,33,3,'2026-01-31',0,'Completed','Cash'),
    (284,90,11,'2026-01-31',0,'Pending','Card'),
    (285,22,12,'2026-01-31',0,'Completed','Card'),
    
    (286,78,27,'2026-01-31',0,'Completed','Cash'),
    (287,101,28,'2026-01-31',0,'Completed','Bank Transfer'),
    (288,65,42,'2026-01-31',0,'Completed','Card'),
    (289,44,51,'2026-01-31',0,'Completed','Cash'),
    (290,55,59,'2026-01-31',0,'Completed','Card'),
    
    (291,77,71,'2026-01-31',0,'Completed','Cash'),
    (292,14,79,'2026-01-31',0,'Completed','Card'),
    (293,88,87,'2026-01-31',0,'Completed','Card'),
    (294,12,92,'2026-01-31',0,'Completed','Card'),
    (295,34,106,'2026-01-31',0,'Completed','Cash'),
    
    (296,60,107,'2026-01-31',0,'Completed','Bank Transfer'),
    (297,45,118,'2026-01-31',0,'Completed','Bank Transfer'),
    (298,22,119,'2026-01-31',0,'Completed','Cash'),
    (299,72,120,'2026-01-31',0,'Completed','Card'),
    (300,19,128,'2026-01-31',0,'Completed','Card'),
    
    (301,84,1,'2026-01-31',0,'Completed','Card'),
    (302,22,3,'2026-01-31',0,'Completed','Cash'),
    (303,59,11,'2026-01-31',0,'Completed','Card'),
    (304,45,12,'2026-01-31',0,'Completed','Bank Transfer'),
    (305,99,27,'2026-01-31',0,'Completed','Card'),
    
    (306,12,28,'2026-01-31',0,'Completed','Card'),
    (307,74,42,'2026-01-31',0,'Completed','Card'),
    (308,90,51,'2026-01-31',0,'Completed','Card'),
    (309,33,59,'2026-01-31',0,'Completed','Cash'),
    (310,70,71,'2026-01-31',0,'Completed','Card'),
    
    (311,84,79,'2026-01-31',0,'Completed','Card'),
    (312,22,87,'2026-01-31',0,'Completed','Cash'),
    (313,59,92,'2026-01-31',0,'Pending','Card'),
    (314,45,106,'2026-01-31',0,'Completed','Bank Transfer'),
    (315,99,107,'2026-01-31',0,'Completed','Card'),
    
    (316,12,118,'2026-01-31',0,'Completed','Card'),
    (317,74,119,'2026-01-31',0,'Completed','Card'),
    (318,90,120,'2026-01-31',0,'Completed','Card'),
    (319,33,128,'2026-01-31',0,'Completed','Cash'),
    (320,70,1,'2026-01-31',0,'Completed','Card'),
    
    (321,84,3,'2026-01-31',0,'Completed','Card'),
    (322,22,11,'2026-01-31',0,'Completed','Cash'),
    (323,59,12,'2026-01-31',0,'Completed','Card'),
    (324,45,27,'2026-01-31',0,'Completed','Bank Transfer'),
    (325,99,28,'2026-01-31',0,'Completed','Card'),
    
    (326,12,42,'2026-01-31',0,'Completed','Card'),
    (327,74,51,'2026-01-31',0,'Completed','Card'),
    (328,90,59,'2026-01-31',0,'Completed','Card'),
    (329,33,71,'2026-01-31',0,'Completed','Cash'),
    (330,70,79,'2026-01-31',0,'Completed','Card'),
    
    (331,84,87,'2026-01-31',0,'Completed','Card'),
    (332,22,92,'2026-01-31',0,'Completed','Cash'),
    (333,59,106,'2026-01-31',0,'Completed','Card'),
    (334,45,107,'2026-01-31',0,'Completed','Bank Transfer'),
    (335,99,118,'2026-01-31',0,'Completed','Card'),
    
    (336,12,119,'2026-01-31',0,'Completed','Card'),
    (337,74,120,'2026-01-31',0,'Completed','Card'),
    (338,90,128,'2026-01-31',0,'Completed','Card'),
    (339,33,1,'2026-01-31',0,'Completed','Cash'),
    (340,70,3,'2026-01-31',0,'Completed','Card'),
    
    (341,84,11,'2026-01-31',0,'Completed','Card'),
    (342,22,12,'2026-01-31',0,'Completed','Cash'),
    (343,59,27,'2026-01-31',0,'Completed','Card'),
    (344,45,28,'2026-01-31',0,'Completed','Bank Transfer'),
    (345,99,42,'2026-01-31',0,'Completed','Card'),
    
    (346,12,51,'2026-01-31',0,'Completed','Card'),
    (347,74,59,'2026-01-31',0,'Completed','Card'),
    (348,90,71,'2026-01-31',0,'Completed','Card'),
    (349,33,79,'2026-01-31',0,'Completed','Cash'),
    (350,70,87,'2026-01-31',0,'Completed','Card'),
    
    (351,84,92,'2026-01-31',0,'Completed','Card'),
    (352,22,106,'2026-01-31',0,'Completed','Cash'),
    (353,59,107,'2026-01-31',0,'Completed','Card'),
    (354,45,118,'2026-01-31',0,'Completed','Bank Transfer'),
    (355,99,119,'2026-01-31',0,'Completed','Card'),
    
    (356,12,120,'2026-01-31',0,'Completed','Card'),
    (357,74,128,'2026-01-31',0,'Completed','Card'),
    (358,90,1,'2026-01-31',0,'Completed','Card'),
    (359,33,3,'2026-01-31',0,'Completed','Cash'),
    (360,70,11,'2026-01-31',0,'Completed','Card'),
    
    (361,84,12,'2026-01-31',0,'Completed','Card'),
    (362,22,27,'2026-01-31',0,'Completed','Cash'),
    (363,59,28,'2026-01-31',0,'Completed','Card'),
    (364,45,42,'2026-01-31',0,'Completed','Bank Transfer'),
    (365,99,51,'2026-01-31',0,'Completed','Card'),
    
    (366,12,59,'2026-01-31',0,'Completed','Card'),
    (367,74,71,'2026-01-31',0,'Completed','Card'),
    (368,90,79,'2026-01-31',0,'Completed','Card'),
    (369,33,87,'2026-01-31',0,'Completed','Cash'),
    (370,70,92,'2026-01-31',0,'Completed','Card'),
    
    (371,84,106,'2026-01-31',0,'Completed','Card'),
    (372,22,107,'2026-01-31',0,'Completed','Cash'),
    (373,59,118,'2026-01-31',0,'Completed','Card'),
    (374,45,119,'2026-01-31',0,'Completed','Bank Transfer'),
    (375,99,120,'2026-01-31',0,'Completed','Card'),
    
    (376,12,128,'2026-01-31',0,'Completed','Card'),
    (377,74,1,'2026-01-31',0,'Completed','Card'),
    (378,90,3,'2026-01-31',0,'Completed','Card'),
    (379,33,11,'2026-01-31',0,'Completed','Cash'),
    (380,70,12,'2026-01-31',0,'Completed','Card'),
    
    (381,84,27,'2026-01-31',0,'Completed','Card'),
    (382,22,28,'2026-01-31',0,'Completed','Cash'),
    (383,59,42,'2026-01-31',0,'Completed','Card'),
    (384,45,51,'2026-01-31',0,'Completed','Bank Transfer'),
    (385,99,59,'2026-01-31',0,'Completed','Card'),
    
    (386,12,71,'2026-01-31',0,'Completed','Card'),
    (387,74,79,'2026-01-31',0,'Completed','Card'),
    (388,90,87,'2026-01-31',0,'Completed','Card'),
    (389,33,92,'2026-01-31',0,'Completed','Cash'),
    (390,70,106,'2026-01-31',0,'Completed','Card'),
    
    (391,84,107,'2026-01-31',0,'Completed','Card'),
    (392,22,118,'2026-01-31',0,'Completed','Cash'),
    (393,59,119,'2026-01-31',0,'Completed','Card'),
    (394,45,120,'2026-01-31',0,'Completed','Bank Transfer'),
    (395,99,128,'2026-01-31',0,'Completed','Card'),
    
    (396,12,1,'2026-01-31',0,'Completed','Card'),
    (397,74,3,'2026-01-31',0,'Completed','Card'),
    (398,90,11,'2026-01-31',0,'Pending','Card'),
    (399,33,12,'2026-01-31',0,'Completed','Cash'),
    (400,70,27,'2026-01-31',0,'Completed','Card'),
    
    (401, 127,  92, '2026-02-01', 0, 'Completed', 'Card'),
    (402,  34,  42, '2026-02-02', 0, 'Completed', 'Cash'),
    (403, 116,  87, '2026-02-03', 0, 'Completed', 'Bank Transfer'),
    (404,  36,  59, '2026-02-04', 0, 'Completed', 'Card'),
    (405,   3,  28, '2026-02-05', 0, 'Completed', 'Cash'),
    
    (406, 105,  11, '2026-02-06', 0, 'Completed', 'Card'),
    (407, 133, 107, '2026-02-07', 0, 'Completed', 'Bank Transfer'),
    (408, 145, 120, '2026-02-08', 0, 'Pending',   'Card'),
    (409, 149,  79, '2026-02-09', 0, 'Completed', 'Cash'),
    (410, 123,  51, '2026-02-10', 0, 'Completed', 'Card'),
    
    (411, 143,  27, '2026-02-11', 0, 'Completed', 'Bank Transfer'),
    (412,   5,   3, '2026-02-12', 0, 'Completed', 'Cash'),
    (413,  18,  92, '2026-02-13', 0, 'Cancelled', 'Card'),
    (414,  29, 106, '2026-02-14', 0, 'Completed', 'Bank Transfer'),
    (415,  50,  71, '2026-02-15', 0, 'Completed', 'Card'),
    
    (416, 142, 120, '2026-02-16', 0, 'Completed', 'Cash'),
    (417, 149,  42, '2026-02-17', 0, 'Completed', 'Card'),
    (418, 134,  87, '2026-02-18', 0, 'Pending',   'Bank Transfer'),
    (419, 128,  59, '2026-02-19', 0, 'Completed', 'Cash'),
    (420, 124,  28, '2026-02-20', 0, 'Completed', 'Card'),
    
    (421,  74,  11, '2026-02-21', 0, 'Completed', 'Bank Transfer'),
    (422,  16,   1, '2026-02-22', 0, 'Completed', 'Cash'),
    (423,  56, 119, '2026-02-23', 0, 'Pending',   'Card'),
    (424, 105,  92, '2026-02-24', 0, 'Completed', 'Bank Transfer'),
    (425,  11, 128, '2026-02-25', 0, 'Completed', 'Card'),
    
    (426,  59,  79, '2026-02-26', 0, 'Completed', 'Cash'),
    (427,  77,   3, '2026-02-27', 0, 'Completed', 'Card'),
    (428, 142,  42, '2026-02-28', 0, 'Completed', 'Bank Transfer'),
    (429,  42,  51, '2026-03-01', 0, 'Completed', 'Cash'),
    (430,  21, 3, '2026-03-02', 0, 'Cancelled', 'Card'),
    
    (431,  86,  27, '2026-03-03', 0, 'Completed', 'Bank Transfer'),
    (432, 138,  87, '2026-03-04', 0, 'Completed', 'Card'),
    (433,  95,  71, '2026-03-05', 0, 'Completed', 'Cash'),
    (434,   2,  59, '2026-03-06', 0, 'Completed', 'Card'),
    (435,  53, 106, '2026-03-07', 0, 'Completed', 'Bank Transfer'),
    
    (436, 131,  28, '2026-03-08', 0, 'Completed', 'Cash'),
    (437,  18,  11, '2026-03-09', 0, 'Cancelled', 'Card'),
    (438, 108,  92, '2026-03-10', 0, 'Completed', 'Bank Transfer'),
    (439, 115,   1, '2026-03-11', 0, 'Completed', 'Cash'),
    (440, 112,   3, '2026-03-12', 0, 'Completed', 'Card'),
    
    (441,  32, 120, '2026-03-13', 0, 'Completed', 'Bank Transfer'),
    (442,  59,  79, '2026-03-14', 0, 'Completed', 'Cash'),
    (443, 138,  42, '2026-03-15', 0, 'Completed', 'Card'),
    (444,  47,  51, '2026-03-16', 0, 'Completed', 'Bank Transfer'),
    (445,  95,  27, '2026-03-17', 0, 'Pending',   'Cash'),
    
    (446, 117,  87, '2026-03-18', 0, 'Completed', 'Card'),
    (447, 108,  59, '2026-03-19', 0, 'Completed', 'Cash'),
    (448,  51,  71, '2026-03-20', 0, 'Completed', 'Bank Transfer'),
    (449, 105, 106, '2026-03-21', 0, 'Completed', 'Card'),
    (450,  40,  28, '2026-03-22', 0, 'Completed', 'Cash');

-- 6 Order_items 
CREATE TABLE order_items (
    order_item_id 	INT PRIMARY KEY,
    order_id 		    INT NOT NULL,
    product_id 	  	INT NOT NULL,
    quantity		    INT NOT NULL,
    item_price 		  DECIMAL(10,2) NOT NULL,
	FOREIGN KEY (order_id) 	 REFERENCES orders(order_id),
	FOREIGN KEY (product_id) REFERENCES products(product_id)
);
-- Inserting valuses into order_items table 
INSERT INTO order_items 
    (order_item_id,order_id, product_id,quantity,item_price) 
VALUES
    (1,1,41,1,45000.00),(2,1,13,6,500.00),(3,2,34,1,42000.00),(4,2,23,7,100.00),
    (5,2,12,2,4000.00),(6,3,10,1,50000.00),(7,3,27,8,80.00),(8,4,1,1,70000.00),
    (9,4,29,5,350.00),(10,5,44,1,40000.00),(11,5,20,5,300.00),(12,5,16,3,3500.00),
    (13,6,21,2,9000.00),(14,6,51,3,1200.00),(15,7,3,2,20000.00),(16,7,25,6,150.00),
    (17,8,46,1,20000.00),(18,8,19,5,700.00),(19,8,28,4,600.00),(20,9,9,1,25000.00),
    (21,9,24,7,200.00),(22,10,54,1,18000.00),(23,10,27,9,80.00),(24,11,7,1,10000.00),
    (25,11,23,5,100.00),(26,11,37,2,2500.00),(27,12,26,2,4000.00),(28,12,20,6,300.00),
    (29,13,56,1,15000.00),(30,13,29,5,350.00),(31,14,42,1,30000.00),(32,15,33,1,12000.00),
    (33,15,13,7,500.00),(34,16,48,1,15000.00),(35,16,25,5,150.00),(36,16,18,3,1200.00),
    (37,17,22,1,15000.00),(38,17,24,6,200.00),(39,18,59,2,5000.00),(40,18,27,8,80.00),
    (41,19,5,4,1200.00),(42,19,23,5,100.00),(43,19,40,1,9000.00),(44,19,29,7,350.00),
    (45,20,60,1,7000.00),(46,20,20,5,300.00),(47,21,2,1,80000.00),(48,21,13,6,500.00),
    (49,22,35,3,3000.00),(50,22,24,5,200.00),(51,22,51,2,1200.00),(52,23,4,4,1500.00),
    (53,23,27,7,80.00),(54,24,38,2,5000.00),(55,24,25,6,150.00),(56,25,14,3,2500.00),
    (57,25,23,5,100.00),(58,26,55,1,9000.00),(59,26,29,8,350.00),(60,26,18,2,1200.00),
    (61,27,15,3,2200.00),(62,27,20,5,300.00),(63,28,17,2,3000.00),(64,28,24,7,200.00),
    (65,29,6,1,14000.00),(66,29,27,6,80.00),(67,29,13,5,500.00),(68,30,8,3,3000.00),
    (69,30,25,5,150.00),(70,31,30,1,7000.00),(71,31,23,8,100.00),(72,32,57,2,2500.00),
    (73,32,29,5,350.00),(74,32,51,3,1200.00),(75,33,52,1,4500.00),(76,33,20,6,300.00),
    (77,34,58,1,10000.00),(78,34,24,5,200.00),(79,35,11,4,2000.00),(80,35,27,7,80.00),
    (81,35,13,5,500.00),(82,36,31,1,38000.00),(83,36,25,6,150.00),(84,37,32,1,25000.00),
    (85,37,23,5,100.00),(86,37,18,2,1200.00),(87,38,36,1,14000.00),(88,38,29,8,350.00),
    (89,39,39,2,3500.00),(90,39,20,5,300.00),(91,40,45,1,12000.00),(92,40,24,7,200.00),
    (93,41,49,1,25000.00),(94,41,27,6,80.00),(95,41,13,5,500.00),(96,42,50,1,28000.00),
    (97,42,25,5,150.00),(98,43,53,1,12000.00),(99,43,23,8,100.00),(100,44,59,2,5000.00),
    (101,44,29,5,350.00),(102,45,60,1,7000.00),(103,45,20,6,300.00),(104,45,51,3,1200.00),
    (105,46,4,4,1500.00),(106,46,24,5,200.00),(107,47,5,3,1200.00),(108,47,27,7,80.00),
    (109,47,13,5,500.00),(110,47,25,6,150.00),(111,48,6,1,14000.00),(112,48,23,5,100.00),
    (113,49,8,3,3000.00),(114,49,29,8,350.00),(115,50,11,4,2000.00),(116,50,20,5,300.00),
    (117,51,12,2,4000.00),(118,51,24,7,200.00),(119,52,14,3,2500.00),(120,52,27,6,80.00),
    (121,53,15,3,2200.00),(122,53,25,5,150.00),(123,53,13,5,500.00),(124,54,16,3,3500.00),
    (125,54,23,8,100.00),(126,55,17,2,3000.00),(127,55,29,5,350.00),(128,56,18,2,1200.00),
    (129,56,20,6,300.00),(130,56,24,5,200.00),(131,56,27,7,80.00),(132,57,19,5,700.00),
    (133,57,25,6,150.00),(134,58,28,4,600.00),(135,58,23,5,100.00),(136,59,35,3,3000.00),
    (137,59,29,8,350.00),(138,60,37,2,2500.00),(139,60,13,5,500.00),(140,61,38,2,5000.00),
    (141,61,20,5,300.00),(142,62,4,4,1500.00),(143,62,24,7,200.00),(144,63,5,3,1200.00),
    (145,63,27,6,80.00),(146,64,6,1,14000.00),(147,64,25,5,150.00),(148,64,23,8,100.00),
    (149,65,8,3,3000.00),(150,65,29,5,350.00),(151,66,11,4,2000.00),(152,66,20,6,300.00),
    (153,67,12,2,4000.00),(154,67,24,5,200.00),(155,68,14,3,2500.00),(156,68,27,7,80.00),
    (157,68,13,5,500.00),(158,69,15,3,2200.00),(159,69,25,6,150.00),(160,70,16,3,3500.00),
    (161,70,23,5,100.00),(162,71,17,2,3000.00),(163,71,29,8,350.00),(164,72,18,2,1200.00),
    (165,72,20,5,300.00),(166,73,19,5,700.00),(167,73,24,7,200.00),(168,74,28,4,600.00),
    (169,74,27,6,80.00),(170,75,35,3,3000.00),(172,76,37,2,2500.00),(173,76,23,8,100.00),
    (174,77,38,2,5000.00),(175,77,29,5,350.00),(176,78,4,4,1500.00),(177,78,13,5,500.00),
    (178,79,5,3,1200.00),(179,79,20,6,300.00),(181,80,24,5,200.00),(182,81,8,3,3000.00),
    (183,81,27,7,80.00),(184,81,25,6,150.00),(185,82,11,4,2000.00),(186,82,23,5,100.00),
    (187,83,12,2,4000.00),(188,83,29,8,350.00),(189,84,14,3,2500.00),(190,84,20,5,300.00),
    (191,85,15,3,2200.00),(192,85,24,7,200.00),(193,86,16,3,3500.00),(194,86,27,6,80.00),
    (195,87,17,2,3000.00),(196,87,25,5,150.00),(198,88,23,8,100.00),(199,89,19,5,700.00),
    (200,89,29,5,350.00),(201,89,13,5,500.00),(202,90,28,4,600.00),(204,91,35,3,3000.00),
    (205,91,24,5,200.00),(206,92,37,2,2500.00),(207,92,27,7,80.00),(208,93,38,2,5000.00),
    (209,93,25,6,150.00),(210,94,4,4,1500.00),(211,94,23,5,100.00),(212,95,5,3,1200.00),
    (213,95,29,8,350.00),(214,96,6,1,14000.00),(215,96,20,5,300.00),(216,96,13,5,500.00),
    (217,97,8,3,3000.00),(218,97,24,7,200.00),(219,98,11,4,2000.00),(220,98,27,6,80.00),
    (221,99,12,2,4000.00),(222,99,25,5,150.00),(223,100,14,3,2500.00),(224,100,23,8,100.00),
    (225,100,29,5,350.00),(226,101,15,3,2200.00),(227,101,20,6,300.00),(228,102,16,3,3500.00),
    (229,102,24,5,200.00),(230,103,17,2,3000.00),(231,103,27,7,80.00),(232,104,18,2,1200.00),
    (233,104,25,6,150.00),(234,105,19,5,700.00),(235,105,23,5,100.00),(236,106,28,4,600.00),
    (237,106,29,8,350.00),(238,107,35,3,3000.00),(239,107,13,5,500.00),(240,108,37,2,2500.00),
    (241,108,20,5,300.00),(243,109,24,7,200.00),(244,110,4,4,1500.00),(245,110,27,6,80.00),
    (246,111,5,3,1200.00),(247,111,25,5,150.00),(248,112,6,1,14000.00),(249,112,23,8,100.00),
    (250,113,8,3,3000.00),(251,113,29,5,350.00),(252,113,20,6,300.00),(253,114,11,4,2000.00),
    (254,114,24,5,200.00),(255,115,12,2,4000.00),(256,115,27,7,80.00),(257,116,14,3,2500.00),
    (258,116,25,6,150.00),(259,117,15,3,2200.00),(261,118,16,3,3500.00),(262,118,29,8,350.00),
    (263,119,17,2,3000.00),(264,119,13,5,500.00),(265,120,18,2,1200.00),(266,120,20,5,300.00),
    (267,121,19,5,700.00),(268,121,24,7,200.00),(269,121,27,6,80.00),(270,122,28,4,600.00),
    (271,122,25,5,150.00),(272,123,35,3,3000.00),(273,123,23,8,100.00),(274,124,37,2,2500.00),
    (275,124,29,5,350.00),(276,125,38,2,5000.00),(277,125,20,6,300.00),(278,126,4,4,1500.00),
    (279,126,24,5,200.00),(280,127,5,3,1200.00),(281,127,27,7,80.00),(282,128,6,1,14000.00),
    (283,128,25,6,150.00),(284,129,8,3,3000.00),(285,129,23,5,100.00),(286,130,11,4,2000.00),
    (287,130,29,8,350.00),(288,131,12,2,4000.00),(289,131,13,5,500.00),(290,132,14,3,2500.00),
    (291,132,20,5,300.00),(292,133,15,3,2200.00),(293,133,24,7,200.00),(294,134,16,3,3500.00),
    (295,134,27,6,80.00),(296,135,17,2,3000.00),(297,135,25,5,150.00),(298,136,18,2,1200.00),
    (299,136,23,8,100.00),(300,137,19,5,700.00),(301,137,29,5,350.00),(302,138,28,4,600.00),
    (303,138,20,6,300.00),(304,139,35,3,3000.00),(305,139,24,5,200.00),(306,140,37,2,2500.00),
    (307,140,27,7,80.00),(308,141,38,2,5000.00),(309,141,25,6,150.00),(310,142,4,4,1500.00),
    (311,142,23,5,100.00),(312,143,5,3,1200.00),(313,143,29,8,350.00),(314,144,6,1,14000.00),
    (315,144,13,5,500.00),(316,145,8,3,3000.00),(317,145,20,5,300.00),(318,146,11,4,2000.00),
    (319,146,24,7,200.00),(320,147,12,2,4000.00),(321,147,27,6,80.00),(322,148,14,3,2500.00),
    (323,148,25,5,150.00),(324,149,15,3,2200.00),(325,149,23,8,100.00),(326,150,16,3,3500.00),
    (327,150,29,5,350.00),(328,151,17,2,3000.00),(329,151,20,6,300.00),(330,152,18,2,1200.00),
    (331,152,24,5,200.00),(332,153,19,5,700.00),(333,153,27,7,80.00),(334,154,28,4,600.00),
    (335,154,25,6,150.00),(336,155,35,3,3000.00),(337,155,23,5,100.00),(338,156,37,2,2500.00),
    (339,156,29,8,350.00),(340,157,38,2,5000.00),(341,157,13,5,500.00),(342,158,4,4,1500.00),
    (343,158,20,5,300.00),(344,159,5,3,1200.00),(345,159,24,7,200.00),(346,160,6,1,14000.00),
    (347,160,27,6,80.00),(348,161,8,3,3000.00),(349,161,25,5,150.00),(350,162,11,4,2000.00),
    (351,162,23,8,100.00),(352,163,12,2,4000.00),(353,163,29,5,350.00),(354,164,14,3,2500.00),
    (355,164,20,6,300.00),(356,165,15,3,2200.00),(357,165,24,5,200.00),(358,166,16,3,3500.00),
    (359,166,27,7,80.00),(360,167,17,2,3000.00),(361,167,25,6,150.00),(362,168,18,2,1200.00),
    (363,168,23,5,100.00),(364,169,19,5,700.00),(365,169,29,8,350.00),(366,170,28,4,600.00),
    (367,170,13,5,500.00),(368,171,35,3,3000.00),(369,171,20,5,300.00),(370,172,37,2,2500.00),
    (371,172,24,7,200.00),(372,173,38,2,5000.00),(373,173,27,6,80.00),(374,174,4,4,1500.00),
    (375,174,25,5,150.00),(376,175,5,3,1200.00),(377,175,23,8,100.00),(378,176,6,1,14000.00),
    (379,176,29,5,350.00),(380,177,8,3,3000.00),(381,177,20,6,300.00),(382,178,11,4,2000.00),
    (383,178,24,5,200.00),(384,179,12,2,4000.00),(385,179,27,7,80.00),(386,180,14,3,2500.00),
    (387,180,25,6,150.00),(388,181,15,3,2200.00),(389,181,23,5,100.00),(390,182,16,3,3500.00),
    (391,182,29,8,350.00),(392,183,17,2,3000.00),(393,183,13,5,500.00),(394,184,18,2,1200.00),
    (395,184,20,5,300.00),(396,185,19,5,700.00),(397,185,24,7,200.00),(398,186,28,4,600.00),
    (399,186,27,6,80.00),(400,187,35,3,3000.00),(401,187,25,5,150.00),(402,188,37,2,2500.00),
    (403,188,23,8,100.00),(404,189,38,2,5000.00),(405,189,29,5,350.00),(406,190,4,4,1500.00),
    (407,190,20,6,300.00),(408,191,5,3,1200.00),(409,191,24,5,200.00),(410,192,6,1,14000.00),
    (411,192,27,7,80.00),(412,193,8,3,3000.00),(413,193,25,6,150.00),(414,194,11,4,2000.00),
    (415,194,23,5,100.00),(416,195,12,2,4000.00),(417,195,29,8,350.00),(418,196,14,3,2500.00),
    (419,196,13,5,500.00),(420,197,15,3,2200.00),(421,197,20,5,300.00),(422,198,16,3,3500.00),
    (423,198,24,7,200.00),(424,199,17,2,3000.00),(425,199,27,6,80.00),(426,200,18,2,1200.00),
    (427,200,25,5,150.00),(428,201,19,5,700.00),(429,201,23,8,100.00),(430,202,28,4,600.00),
    (431,202,29,5,350.00),(432,203,35,3,3000.00),(433,203,20,6,300.00),(434,204,37,2,2500.00),
    (435,204,24,5,200.00),(436,205,38,2,5000.00),(437,205,27,7,80.00),(438,206,4,4,1500.00),
    (439,206,25,6,150.00),(440,207,5,3,1200.00),(441,207,23,5,100.00),(442,208,6,1,14000.00),
    (443,208,29,8,350.00),(444,209,8,3,3000.00),(445,209,13,5,500.00),(446,210,11,4,2000.00),
    (447,210,20,5,300.00),(448,211,12,2,4000.00),(449,211,24,7,200.00),(450,212,14,3,2500.00),
    (451,212,27,6,80.00),(452,213,15,3,2200.00),(453,213,25,5,150.00),(454,214,16,3,3500.00),
    (455,214,23,8,100.00),(456,215,17,2,3000.00),(457,215,29,5,350.00),(458,216,18,2,1200.00),
    (459,216,20,6,300.00),(460,217,19,5,700.00),(461,217,24,5,200.00),(462,218,28,4,600.00),
    (463,218,27,7,80.00),(464,219,35,3,3000.00),(465,219,25,6,150.00),(466,220,37,2,2500.00),
    (467,220,23,5,100.00),(468,221,38,2,5000.00),(469,221,29,8,350.00),(470,222,4,4,1500.00),
    (471,222,13,5,500.00),(472,223,5,3,1200.00),(473,223,20,5,300.00),(474,224,6,1,14000.00),
    (475,224,24,7,200.00),(476,225,8,3,3000.00),(477,225,27,6,80.00),(478,226,11,4,2000.00),
    (479,226,25,5,150.00),(480,227,12,2,4000.00),(481,227,23,8,100.00),(482,228,14,3,2500.00),
    (483,228,29,5,350.00),(484,229,15,3,2200.00),(485,229,20,6,300.00),(486,230,16,3,3500.00),
    (487,230,24,5,200.00),(488,231,17,2,3000.00),(489,231,27,7,80.00),(490,232,18,2,1200.00),
    (491,232,25,6,150.00),(492,233,19,5,700.00),(493,233,23,5,100.00),(494,234,28,4,600.00),
    (495,234,29,8,350.00),(496,235,35,3,3000.00),(497,235,13,5,500.00),(498,236,37,2,2500.00),
    (499,236,20,5,300.00),(500,237,38,2,5000.00),(501,237,24,7,200.00),(502,238,4,4,1500.00),
    (503,238,27,6,80.00),(504,239,5,3,1200.00),(505,239,25,5,150.00),(506,240,6,1,14000.00),
    (507,240,23,8,100.00),(508,241,8,3,3000.00),(509,241,29,5,350.00),(510,242,11,4,2000.00),
    (511,242,20,6,300.00),(512,243,12,2,4000.00),(513,243,24,5,200.00),(514,244,14,3,2500.00),
    (515,244,27,7,80.00),(516,245,15,3,2200.00),(517,245,25,6,150.00),(518,246,16,3,3500.00),
    (519,246,23,5,100.00),(520,247,17,2,3000.00),(521,247,29,8,350.00),(522,248,18,2,1200.00),
    (523,248,13,5,500.00),(524,249,19,5,700.00),(525,249,20,5,300.00),(526,250,28,4,600.00),
    (527,250,24,7,200.00),(528,251,35,3,3000.00),(529,251,27,6,80.00),(530,252,37,2,2500.00),
    (531,252,25,5,150.00),(532,253,38,2,5000.00),(533,253,23,8,100.00),(534,254,4,4,1500.00),
    (535,254,29,5,350.00),(536,255,5,3,1200.00),(537,255,20,6,300.00),(538,256,6,1,14000.00),
    (539,256,24,5,200.00),(540,257,8,3,3000.00),(541,257,27,7,80.00),(542,258,11,4,2000.00),
    (543,258,25,6,150.00),(544,259,12,2,4000.00),(545,259,23,5,100.00),(546,260,14,3,2500.00),
    (547,260,29,8,350.00),(548,261,15,3,2200.00),(549,261,13,5,500.00),(550,262,16,3,3500.00),
    (551,262,20,5,300.00),(552,263,17,2,3000.00),(553,263,24,7,200.00),(554,264,18,2,1200.00),
    (555,264,27,6,80.00),(556,265,19,5,700.00),(557,265,25,5,150.00),(558,266,28,4,600.00),
    (559,266,23,8,100.00),(560,267,35,3,3000.00),(561,267,29,5,350.00),(562,268,37,2,2500.00),
    (563,268,20,6,300.00),(564,269,38,2,5000.00),(565,269,24,5,200.00),(566,270,4,4,1500.00),
    (567,270,27,7,80.00),(568,271,5,3,1200.00),(569,271,25,6,150.00),(570,272,6,1,14000.00),
    (571,272,23,5,100.00),(572,273,8,3,3000.00),(573,273,29,8,350.00),(574,274,11,4,2000.00),
    (575,274,13,5,500.00),(576,275,12,2,4000.00),(577,275,20,5,300.00),(578,276,14,3,2500.00),
    (579,276,24,7,200.00),(580,277,15,3,2200.00),(581,277,27,6,80.00),(582,278,16,3,3500.00),
    (583,278,25,5,150.00),(584,279,17,2,3000.00),(585,279,23,8,100.00),(586,280,18,2,1200.00),
    (587,280,29,5,350.00),(588,281,19,5,700.00),(589,281,20,6,300.00),(590,282,28,4,600.00),
    (591,282,24,5,200.00),(592,283,35,3,3000.00),(593,283,27,7,80.00),(594,284,37,2,2500.00),
    (595,284,25,6,150.00),(596,285,38,2,5000.00),(597,285,23,5,100.00),(598,286,4,4,1500.00),
    (599,286,29,8,350.00),(600,287,5,3,1200.00),(601,287,13,5,500.00),(602,288,6,1,14000.00),
    (603,288,20,5,300.00),(604,289,8,3,3000.00),(605,289,24,7,200.00),(606,290,11,4,2000.00),
    (607,290,27,6,80.00),(608,291,12,2,4000.00),(609,291,25,5,150.00),(610,292,14,3,2500.00),
    (611,292,23,8,100.00),(612,293,15,3,2200.00),(613,293,29,5,350.00),(614,294,16,3,3500.00),
    (615,294,20,6,300.00),(616,295,17,2,3000.00),(617,295,24,5,200.00),(618,296,18,2,1200.00),
    (619,296,27,7,80.00),(620,297,19,5,700.00),(621,297,25,6,150.00),(622,298,28,4,600.00),
    (623,298,23,5,100.00),(624,299,35,3,3000.00),(625,299,29,8,350.00),(626,300,37,2,2500.00),
    (627,300,13,5,500.00),(628,301,38,2,5000.00),(629,301,20,5,300.00),(630,302,4,4,1500.00),
    (631,302,24,7,200.00),(632,303,5,3,1200.00),(633,303,27,6,80.00),(634,304,6,1,14000.00),
    (635,304,25,5,150.00),(636,305,8,3,3000.00),(637,305,23,8,100.00),(638,306,11,4,2000.00),
    (639,306,29,5,350.00),(640,307,12,2,4000.00),(641,307,20,6,300.00),(642,308,14,3,2500.00),
    (643,308,24,5,200.00),(644,309,15,3,2200.00),(645,309,27,7,80.00),(646,310,16,3,3500.00),
    (647,310,25,6,150.00),(648,311,17,2,3000.00),(649,311,23,5,100.00),(650,312,18,2,1200.00),
    (651,312,29,8,350.00),(652,313,19,5,700.00),(653,313,13,5,500.00),(654,314,28,4,600.00),
    (655,314,20,5,300.00),(656,315,35,3,3000.00),(657,315,24,7,200.00),(658,316,37,2,2500.00),
    (659,316,27,6,80.00),(660,317,38,2,5000.00),(661,317,25,5,150.00),(662,318,4,4,1500.00),
    (663,318,23,8,100.00),(664,319,5,3,1200.00),(665,319,29,5,350.00),(666,320,6,1,14000.00),
    (667,320,20,6,300.00),(668,321,8,3,3000.00),(669,321,24,5,200.00),(670,322,11,4,2000.00),
    (671,322,27,7,80.00),(672,323,12,2,4000.00),(673,323,25,6,150.00),(674,324,14,3,2500.00),
    (675,324,23,5,100.00),(676,325,15,3,2200.00),(677,325,29,8,350.00),(678,326,16,3,3500.00),
    (679,326,13,5,500.00),(680,327,17,2,3000.00),(681,327,20,5,300.00),(682,328,18,2,1200.00),
    (683,328,24,7,200.00),(684,329,19,5,700.00),(685,329,27,6,80.00),(686,330,28,4,600.00),
    (687,330,25,5,150.00),(688,331,35,3,3000.00),(689,331,23,8,100.00),(690,332,37,2,2500.00),
    (691,332,29,5,350.00),(692,333,38,2,5000.00),(693,333,20,6,300.00),(694,334,4,4,1500.00),
    (695,334,24,5,200.00),(696,335,5,3,1200.00),(697,335,27,7,80.00),(698,336,6,1,14000.00),
    (699,336,25,6,150.00),(700,337,8,3,3000.00),(701,337,23,5,100.00),(702,338,11,4,2000.00),
    (703,338,29,8,350.00),(704,339,12,2,4000.00),(705,339,13,5,500.00),(706,340,14,3,2500.00),
    (707,340,20,5,300.00),(708,341,15,3,2200.00),(709,341,24,7,200.00),(710,342,16,3,3500.00),
    (711,342,27,6,80.00),(712,343,17,2,3000.00),(713,343,25,5,150.00),(714,344,18,2,1200.00),
    (715,344,23,8,100.00),(716,345,19,5,700.00),(717,345,29,5,350.00),(718,346,28,4,600.00),
    (719,346,20,6,300.00),(720,347,35,3,3000.00),(721,347,24,5,200.00),(722,348,37,2,2500.00),
    (723,348,27,7,80.00),(724,349,38,2,5000.00),(725,349,25,6,150.00),(726,350,4,4,1500.00),
    (727,350,23,5,100.00),(728,351,5,3,1200.00),(729,351,29,8,350.00),(730,352,6,1,14000.00),
    (731,352,13,5,500.00),(732,353,8,3,3000.00),(733,353,20,5,300.00),(734,354,11,4,2000.00),
    (735,354,24,7,200.00),(736,355,12,2,4000.00),(737,355,27,6,80.00),(738,356,14,3,2500.00),
    (739,356,25,5,150.00),(740,357,15,3,2200.00),(741,357,23,8,100.00),(742,358,16,3,3500.00),
    (743,358,29,5,350.00),(744,359,17,2,3000.00),(745,359,20,6,300.00),(746,360,18,2,1200.00),
    (747,360,24,5,200.00),(748,361,19,5,700.00),(749,361,27,7,80.00),(750,362,28,4,600.00),
    (751,362,25,6,150.00),(752,363,35,3,3000.00),(753,363,23,5,100.00),(754,364,37,2,2500.00),
    (755,364,29,8,350.00),(756,365,38,2,5000.00),(757,365,13,5,500.00),(758,366,4,4,1500.00),
    (759,366,20,5,300.00),(760,367,5,3,1200.00),(761,367,24,7,200.00),(762,368,6,1,14000.00),
    (763,368,27,6,80.00),(764,369,8,3,3000.00),(765,369,25,5,150.00),(766,370,11,4,2000.00),
    (767,370,23,8,100.00),(768,371,12,2,4000.00),(769,371,29,5,350.00),(770,372,14,3,2500.00),
    (771,372,20,6,300.00),(772,373,15,3,2200.00),(773,373,24,5,200.00),(774,374,16,3,3500.00),
    (775,374,27,7,80.00),(776,375,17,2,3000.00),(777,375,25,6,150.00),(778,376,18,2,1200.00),
    (779,376,23,5,100.00),(780,377,19,5,700.00),(782,378,28,4,600.00),(783,378,13,5,500.00),
    (784,379,35,3,3000.00),(785,379,20,5,300.00),(786,380,37,2,2500.00),(787,380,24,7,200.00),
    (788,381,38,2,5000.00),(789,381,27,6,80.00),(790,382,4,4,1500.00),(791,382,25,5,150.00),
    (792,383,5,3,1200.00),(793,383,23,8,100.00),(794,384,6,1,14000.00),(795,384,29,5,350.00),
    (796,385,8,3,3000.00),(797,385,20,6,300.00),(798,386,11,4,2000.00),(799,386,24,5,200.00),
    (800,387,12,2,4000.00),(801,387,27,7,80.00),(802,388,14,3,2500.00),(803,388,25,6,150.00),
    (804,389,15,3,2200.00),(805,389,23,5,100.00),(806,390,16,3,3500.00),(807,390,29,8,350.00),
    (808,391,17,2,3000.00),(809,391,13,5,500.00),(810,392,18,2,1200.00),(811,392,20,5,300.00),
    (812,393,19,5,700.00),(813,393,24,7,200.00),(814,394,28,4,600.00),(815,394,27,6,80.00),
    (816,395,35,3,3000.00),(817,395,25,5,150.00),(818,396,37,2,2500.00),(819,396,23,8,100.00),
    (820,397,38,2,5000.00),(821,397,29,5,350.00),(822,398,4,4,1500.00),(823,398,20,6,300.00),
    (824,399,5,3,1200.00),(825,399,24,5,200.00),(826,400,6,1,14000.00),(827,400,27,7,80.00),
    (828,401,8,3,3000.00),(829,401,25,6,150.00),(830,402,11,4,2000.00),(831,402,23,5,100.00),
    (832,403,12,2,4000.00),(833,403,29,8,350.00),(834,404,14,3,2500.00),(835,404,20,5,300.00),
    (836,405,15,3,2200.00),(837,405,24,7,200.00),(838,406,16,3,3500.00),(839,406,27,6,80.00),
    (840,407,17,2,3000.00),(841,407,25,5,150.00),(842,408,18,2,1200.00),(843,408,23,8,100.00),
    (844,409,19,5,700.00),(845,409,29,5,350.00),(846,410,28,4,600.00),(847,410,13,5,500.00),
    (848,411,35,3,3000.00),(849,411,20,5,300.00),(850,412,37,2,2500.00),(851,412,24,7,200.00),
    (852,413,38,2,5000.00),(853,413,27,6,80.00),(854,414,4,4,1500.00),(855,414,25,5,150.00),
    (856,415,5,3,1200.00),(857,415,23,8,100.00),(858,416,6,1,14000.00),(859,416,29,5,350.00),
    (860,417,8,3,3000.00),(861,417,20,6,300.00),(862,418,11,4,2000.00),(863,418,24,5,200.00),
    (864,419,12,2,4000.00),(865,419,27,7,80.00),(866,420,14,3,2500.00),(867,420,25,6,150.00),
    (868,421,15,3,2200.00),(869,421,23,5,100.00),(870,422,16,3,3500.00),(871,422,29,8,350.00),
    (872,423,17,2,3000.00),(873,423,13,5,500.00),(874,424,18,2,1200.00),(875,424,20,5,300.00),
    (876,425,19,5,700.00),(877,425,24,7,200.00),(878,426,28,4,600.00),(879,426,27,6,80.00),
    (880,427,35,3,3000.00),(881,427,25,5,150.00),(882,428,37,2,2500.00),(883,428,23,8,100.00),
    (884,429,38,2,5000.00),(885,429,29,5,350.00),(886,430,4,4,1500.00),(887,430,20,6,300.00),
    (888,431,5,3,1200.00),(889,431,24,5,200.00),(890,432,6,1,14000.00),(891,432,27,7,80.00),
    (892,433,8,3,3000.00),(893,433,25,6,150.00),(894,434,11,4,2000.00),(895,434,23,5,100.00),
    (896,435,12,2,4000.00),(897,435,29,8,350.00),(898,436,14,3,2500.00),(899,436,13,5,500.00),
    (900,437,15,3,2200.00),(901,437,20,5,300.00),(902,438,16,3,3500.00),(903,438,24,7,200.00),
    (904,439,17,2,3000.00),(905,439,27,6,80.00),(906,440,18,2,1200.00),(907,440,25,5,150.00),
    (908,441,19,5,700.00),(909,441,23,8,100.00),(910,442,28,4,600.00),(911,442,29,5,350.00),
    (912,443,35,3,3000.00),(913,443,20,5,300.00),(914,444,37,2,2500.00),(915,444,24,7,200.00),
    (916,445,38,2,5000.00),(917,445,27,6,80.00),(918,446,4,4,1500.00),(919,446,25,5,150.00),
    (920,447,5,3,1200.00),(921,447,23,5,100.00),(922,448,6,1,14000.00),(923,448,29,8,350.00),
    (924,449,8,3,3000.00),(925,449,13,5,500.00),(926,450,11,4,2000.00),(927,450,20,5,300.00),
    (928,450,24,7,200.00),(929,450,27,6,80.00),(930,450,25,5,150.00);

-- 7 products  
CREATE TABLE products (
    product_id 		INT PRIMARY KEY,
    product_name	VARCHAR(100) NOT NULL,
    category_id 	INT NOT NULL,
    price 			  DECIMAL(10,2) NOT NULL,
    stock 			  INT DEFAULT 0,
    created_at 		DATE,
    FOREIGN KEY (category_id) 	REFERENCES product_categories(category_id)
);

-- Adding values to products table
INSERT INTO products 
    (product_id, product_name, category_id, price, stock, created_at)
VALUES
    (1,'Laptop',1,70000,20,'2025-01-01'),
    (2,'Desktop',1,80000,15,'2025-01-01'),
    (3,'Monitor',1,20000,40,'2025-01-01'),
    (4,'Keyboard',1,1500,100,'2025-01-01'),
    (5,'Mouse',1,1200,120,'2025-01-01'),
    (6,'Printer',1,14000,25,'2025-01-01'),
    (7,'Scanner',1,10000,20,'2025-01-01'),
    (8,'Router',1,3000,60,'2025-01-01'),
    (9,'Tablet',1,25000,30,'2025-01-01'),
    (10,'Smartphone',1,50000,35,'2025-01-01'),
    (11,'Laptop Bag',2,2000,80,'2025-01-01'),
    (12,'Headphones',2,4000,60,'2025-01-01'),
    (13,'USB Cable',2,500,200,'2025-01-01'),
    (14,'Power Bank',2,2500,90,'2025-01-01'),
    (15,'Webcam',2,2200,70,'2025-01-01'),
    (16,'Speaker',2,3500,65,'2025-01-01'),
    (17,'Microphone',2,3000,50,'2025-01-01'),
    (18,'Charger',2,1200,150,'2025-01-01'),
    (19,'Phone Case',2,700,180,'2025-01-01'),
    (20,'Screen Guard',2,300,250,'2025-01-01'),
    (21,'Office Chair',3,9000,30,'2025-01-01'),
    (22,'Office Desk',3,15000,20,'2025-01-01'),
    (23,'Notebook',3,100,400,'2025-01-01'),
    (24,'Pen Pack',3,200,300,'2025-01-01'),
    (25,'File Folder',3,150,350,'2025-01-01'),
    (26,'Whiteboard',3,4000,25,'2025-01-01'),
    (27,'Marker',3,80,500,'2025-01-01'),
    (28,'Stapler',3,600,200,'2025-01-01'),
    (29,'Printer Paper',3,350,500,'2025-01-01'),
    (30,'Shredder',3,7000,15,'2025-01-01'),
    (31,'Refrigerator',4,38000,10,'2025-01-01'),
    (32,'Washing Machine',4,25000,12,'2025-01-01'),
    (33,'Microwave',4,12000,18,'2025-01-01'),
    (34,'Air Conditioner',4,42000,8,'2025-01-01'),
    (35,'Ceiling Fan',4,3000,75,'2025-01-01'),
    (36,'Water Purifier',4,14000,20,'2025-01-01'),
    (37,'Heater',4,2500,60,'2025-01-01'),
    (38,'Mixer Grinder',4,5000,35,'2025-01-01'),
    (39,'Induction Stove',4,3500,40,'2025-01-01'),
    (40,'Vacuum Cleaner',4,9000,25,'2025-01-01'),
    (41,'Sofa',5,45000,6,'2025-01-01'),
    (42,'Dining Table',5,30000,8,'2025-01-01'),
    (43,'Bed',5,35000,10,'2025-01-01'),
    (44,'Wardrobe',5,40000,7,'2025-01-01'),
    (45,'Bookshelf',5,12000,15,'2025-01-01'),
    (46,'TV Unit',5,20000,12,'2025-01-01'),
    (47,'Coffee Table',5,6000,20,'2025-01-01'),
    (48,'Study Table',5,15000,18,'2025-01-01'),
    (49,'Cupboard',5,25000,9,'2025-01-01'),
    (50,'Recliner',5,28000,5,'2025-01-01'),
    (51,'Antivirus',6,1200,500,'2025-01-01'),
    (52,'Office Software',6,4500,200,'2025-01-01'),
    (53,'Accounting Software',6,12000,100,'2025-01-01'),
    (54,'CRM Tool',6,18000,60,'2025-01-01'),
    (55,'Design Software',6,9000,70,'2025-01-01'),
    (56,'Project Tool',6,15000,80,'2025-01-01'),
    (57,'Cloud Storage',6,2500,300,'2025-01-01'),
    (58,'Video Editor',6,10000,90,'2025-01-01'),
    (59,'Security Suite',6,5000,120,'2025-01-01'),
    (60,'Data Backup Tool',6,7000,110,'2025-01-01');

-- 8 product_categories (Small lookup table)
CREATE TABLE product_categories (
    category_id 	  INT PRIMARY KEY,
    category_name 	VARCHAR(50) NOT NULL
);

-- Adding Values to Product_categories table
INSERT INTO product_categories 
    (category_id, category_name)
VALUES
    (1, 'Electronics'),
    (2, 'Accessories'),
    (3, 'Office'),
    (4, 'Home'),
    (5, 'Furniture'),
    (6, 'Software');

-- ========== Updating total_amount from orders table
-- Step 1: Turn off safe updates (only for this session)
SET SQL_SAFE_UPDATES = 0;

-- Step 2: Run query
UPDATE orders o
SET total_amount = (
    SELECT COALESCE(SUM(oi.quantity * oi.item_price), 0)
    FROM order_items oi
    WHERE oi.order_id = o.order_id
)
WHERE EXISTS (
    SELECT 1
    FROM order_items oi2
    WHERE oi2.order_id = o.order_id
);

-- Step 3: (optional but recommended) Turn safe mode back on
SET SQL_SAFE_UPDATES = 1;

